fixture,pair,order,candidate_instructions_retired,candidate_cycles_elapsed,candidate_elapsed_seconds,candidate_user_seconds,candidate_system_seconds,candidate_maximum_rss_bytes,candidate_stdout_sha256,baseline_instructions_retired,baseline_cycles_elapsed,baseline_elapsed_seconds,baseline_user_seconds,baseline_system_seconds,baseline_maximum_rss_bytes,baseline_stdout_sha256
task61-dispatch-executing-program-local-store-10m-2026-10-08.cjs,1,candidate>baseline,9083593240,1030980522,0.25,0.25,0.00,17989632,e3b0c44298fc1c149afbf4c8996fb92427ae41e4649b934ca495991b7852b855,9084063982,1025510138,0.25,0.25,0.00,17989632,e3b0c44298fc1c149afbf4c8996fb92427ae41e4649b934ca495991b7852b855
task61-dispatch-executing-program-local-store-10m-2026-10-08.cjs,2,baseline>candidate,9085537512,1034363285,0.26,0.25,0.00,17891328,e3b0c44298fc1c149afbf4c8996fb92427ae41e4649b934ca495991b7852b855,9082796346,1033089946,0.25,0.25,0.00,17907712,e3b0c44298fc1c149afbf4c8996fb92427ae41e4649b934ca495991b7852b855
task61-dispatch-executing-program-local-store-10m-2026-10-08.cjs,3,candidate>baseline,9083495735,1031681949,0.26,0.25,0.00,18006016,e3b0c44298fc1c149afbf4c8996fb92427ae41e4649b934ca495991b7852b855,9082714382,1025535148,0.25,0.25,0.00,17907712,e3b0c44298fc1c149afbf4c8996fb92427ae41e4649b934ca495991b7852b855
task61-dispatch-executing-program-local-store-10m-2026-10-08.cjs,4,baseline>candidate,9082641137,1025480826,0.25,0.25,0.00,17956864,e3b0c44298fc1c149afbf4c8996fb92427ae41e4649b934ca495991b7852b855,9083163568,1028129955,0.25,0.25,0.00,17907712,e3b0c44298fc1c149afbf4c8996fb92427ae41e4649b934ca495991b7852b855
task61-dispatch-executing-program-local-store-10m-2026-10-08.cjs,5,candidate>baseline,9082283109,1031961394,0.25,0.25,0.00,17891328,e3b0c44298fc1c149afbf4c8996fb92427ae41e4649b934ca495991b7852b855,9083091610,1023155778,0.25,0.25,0.00,17858560,e3b0c44298fc1c149afbf4c8996fb92427ae41e4649b934ca495991b7852b855
task61-dispatch-executing-program-local-store-10m-2026-10-08.cjs,6,baseline>candidate,9082781279,1027573412,0.25,0.25,0.00,17956864,e3b0c44298fc1c149afbf4c8996fb92427ae41e4649b934ca495991b7852b855,9083171479,1026824928,0.25,0.25,0.00,17940480,e3b0c44298fc1c149afbf4c8996fb92427ae41e4649b934ca495991b7852b855
task61-dispatch-executing-program-local-store-10m-2026-10-08.cjs,7,candidate>baseline,9082745242,1027924187,0.25,0.25,0.00,18104320,e3b0c44298fc1c149afbf4c8996fb92427ae41e4649b934ca495991b7852b855,9086230651,1031498215,0.25,0.25,0.00,17874944,e3b0c44298fc1c149afbf4c8996fb92427ae41e4649b934ca495991b7852b855
task61-dispatch-executing-program-local-store-10m-2026-10-08.cjs,8,baseline>candidate,9082998121,1021720296,0.25,0.25,0.00,18038784,e3b0c44298fc1c149afbf4c8996fb92427ae41e4649b934ca495991b7852b855,9083642405,1025789975,0.25,0.25,0.00,17940480,e3b0c44298fc1c149afbf4c8996fb92427ae41e4649b934ca495991b7852b855
task61-dispatch-executing-program-local-store-10m-2026-10-08.cjs,9,candidate>baseline,9082830079,1030074195,0.25,0.25,0.00,18071552,e3b0c44298fc1c149afbf4c8996fb92427ae41e4649b934ca495991b7852b855,9084480369,1034722224,0.25,0.25,0.00,17891328,e3b0c44298fc1c149afbf4c8996fb92427ae41e4649b934ca495991b7852b855
task61-dispatch-executing-program-local-store-10m-2026-10-08.cjs,10,baseline>candidate,9084000733,1033639387,0.25,0.25,0.00,18055168,e3b0c44298fc1c149afbf4c8996fb92427ae41e4649b934ca495991b7852b855,9084627749,1034604592,0.26,0.25,0.00,18300928,e3b0c44298fc1c149afbf4c8996fb92427ae41e4649b934ca495991b7852b855
task61-dispatch-executing-program-local-store-10m-2026-10-08.cjs,11,candidate>baseline,9083003769,1028400320,0.25,0.25,0.00,17940480,e3b0c44298fc1c149afbf4c8996fb92427ae41e4649b934ca495991b7852b855,9083535945,1026263880,0.25,0.25,0.00,17825792,e3b0c44298fc1c149afbf4c8996fb92427ae41e4649b934ca495991b7852b855
