operation,build,round,real_seconds,max_rss_bytes,instructions_retired
dense-read,baseline,1,4.97,21856256,115309147939
dense-read,candidate,1,4.91,23052288,115389204261
dense-read,candidate,2,4.53,20316160,115134715777
dense-read,baseline,2,4.48,21987328,115199465348
dense-read,baseline,3,4.49,22003712,115122761834
dense-read,candidate,3,4.53,22691840,115138494166
dense-read,candidate,4,4.52,20348928,115134028714
dense-read,baseline,4,4.47,20414464,115095082251
dense-read,baseline,5,4.55,21708800,115141428897
dense-read,candidate,5,4.53,21594112,115116804750
dense-read,candidate,6,4.48,20463616,115140148493
dense-read,baseline,6,4.49,20283392,115094073192
dense-read,baseline,7,4.50,20299776,115113042819
dense-read,candidate,7,4.49,20938752,115136253900
dense-read,candidate,8,4.51,20381696,115142620383
dense-read,baseline,8,4.47,22970368,115184918768
dense-read,baseline,9,4.47,20283392,115080594597
dense-read,candidate,9,4.49,20512768,115089183402
dense-read,candidate,10,4.49,21315584,115117322570
dense-read,baseline,10,4.49,22069248,115135968570
dense-read,baseline,11,4.53,20365312,115137265356
dense-read,candidate,11,4.54,20250624,115146789371
