pair,order,baseline_score,candidate_score,baseline_max_rss_bytes,candidate_max_rss_bytes,baseline_instructions_retired,candidate_instructions_retired,baseline_wall_seconds,candidate_wall_seconds,exact_stdout_equal,completion_signature_equal,baseline_sha256,candidate_sha256,fixture_sha256
1,candidate/baseline,211.0,209.0,15089664,15040512,47853390399,47564069825,2.025482875,2.033460416,False,True,79d90ef3cc4587bd70b84b51276e7f682ea5ed7903050695ccc268aaa016bc07,48b04834459e74147d2a25bc07b1081afba6a3cfe218527df3978643bf2e3670,c6e5fd39715ae35ebb5bca9474b69a6eeb180da5ac2fc1455ed4d7ff4a29b60c
2,baseline/candidate,209.0,206.0,15089664,15040512,47851204046,46374491337,2.031944459,2.023541,False,True,79d90ef3cc4587bd70b84b51276e7f682ea5ed7903050695ccc268aaa016bc07,48b04834459e74147d2a25bc07b1081afba6a3cfe218527df3978643bf2e3670,c6e5fd39715ae35ebb5bca9474b69a6eeb180da5ac2fc1455ed4d7ff4a29b60c
3,candidate/baseline,209.0,210.0,15089664,14942208,47849704684,47564311962,2.031568542,2.029158875,False,True,79d90ef3cc4587bd70b84b51276e7f682ea5ed7903050695ccc268aaa016bc07,48b04834459e74147d2a25bc07b1081afba6a3cfe218527df3978643bf2e3670,c6e5fd39715ae35ebb5bca9474b69a6eeb180da5ac2fc1455ed4d7ff4a29b60c
4,baseline/candidate,208.0,210.0,15089664,15155200,47056509245,47565071030,2.011337333,2.029252041,False,True,79d90ef3cc4587bd70b84b51276e7f682ea5ed7903050695ccc268aaa016bc07,48b04834459e74147d2a25bc07b1081afba6a3cfe218527df3978643bf2e3670,c6e5fd39715ae35ebb5bca9474b69a6eeb180da5ac2fc1455ed4d7ff4a29b60c
5,candidate/baseline,209.0,210.0,15122432,14925824,47851731044,47562788700,2.030573417,2.027883333,False,True,79d90ef3cc4587bd70b84b51276e7f682ea5ed7903050695ccc268aaa016bc07,48b04834459e74147d2a25bc07b1081afba6a3cfe218527df3978643bf2e3670,c6e5fd39715ae35ebb5bca9474b69a6eeb180da5ac2fc1455ed4d7ff4a29b60c
6,baseline/candidate,210.0,209.0,15122432,15024128,47851755337,47163855389,2.0264445,2.023890208,False,True,79d90ef3cc4587bd70b84b51276e7f682ea5ed7903050695ccc268aaa016bc07,48b04834459e74147d2a25bc07b1081afba6a3cfe218527df3978643bf2e3670,c6e5fd39715ae35ebb5bca9474b69a6eeb180da5ac2fc1455ed4d7ff4a29b60c
7,candidate/baseline,209.0,210.0,15089664,15089664,47851127012,47564392255,2.028525667,2.029927792,False,True,79d90ef3cc4587bd70b84b51276e7f682ea5ed7903050695ccc268aaa016bc07,48b04834459e74147d2a25bc07b1081afba6a3cfe218527df3978643bf2e3670,c6e5fd39715ae35ebb5bca9474b69a6eeb180da5ac2fc1455ed4d7ff4a29b60c
8,baseline/candidate,208.0,210.0,15073280,14893056,47851351520,47564393729,2.035830834,2.023273583,False,True,79d90ef3cc4587bd70b84b51276e7f682ea5ed7903050695ccc268aaa016bc07,48b04834459e74147d2a25bc07b1081afba6a3cfe218527df3978643bf2e3670,c6e5fd39715ae35ebb5bca9474b69a6eeb180da5ac2fc1455ed4d7ff4a29b60c
9,candidate/baseline,209.0,209.0,15106048,14893056,47851954812,47562458660,2.030758667,2.0377485,True,True,79d90ef3cc4587bd70b84b51276e7f682ea5ed7903050695ccc268aaa016bc07,48b04834459e74147d2a25bc07b1081afba6a3cfe218527df3978643bf2e3670,c6e5fd39715ae35ebb5bca9474b69a6eeb180da5ac2fc1455ed4d7ff4a29b60c
10,baseline/candidate,206.0,211.0,15056896,15122432,47058817270,47563940250,2.018000417,2.014833042,False,True,79d90ef3cc4587bd70b84b51276e7f682ea5ed7903050695ccc268aaa016bc07,48b04834459e74147d2a25bc07b1081afba6a3cfe218527df3978643bf2e3670,c6e5fd39715ae35ebb5bca9474b69a6eeb180da5ac2fc1455ed4d7ff4a29b60c
11,candidate/baseline,209.0,203.0,15073280,15106048,47852343366,45985443681,2.035432166,2.025221583,False,True,79d90ef3cc4587bd70b84b51276e7f682ea5ed7903050695ccc268aaa016bc07,48b04834459e74147d2a25bc07b1081afba6a3cfe218527df3978643bf2e3670,c6e5fd39715ae35ebb5bca9474b69a6eeb180da5ac2fc1455ed4d7ff4a29b60c
12,baseline/candidate,212.0,213.0,15089664,15089664,48645461499,48353005784,2.028317583,2.030787041,False,True,79d90ef3cc4587bd70b84b51276e7f682ea5ed7903050695ccc268aaa016bc07,48b04834459e74147d2a25bc07b1081afba6a3cfe218527df3978643bf2e3670,c6e5fd39715ae35ebb5bca9474b69a6eeb180da5ac2fc1455ed4d7ff4a29b60c
13,candidate/baseline,210.0,212.0,15106048,15106048,47852996237,47566588575,2.024300583,2.012583167,False,True,79d90ef3cc4587bd70b84b51276e7f682ea5ed7903050695ccc268aaa016bc07,48b04834459e74147d2a25bc07b1081afba6a3cfe218527df3978643bf2e3670,c6e5fd39715ae35ebb5bca9474b69a6eeb180da5ac2fc1455ed4d7ff4a29b60c
14,baseline/candidate,212.0,207.0,15056896,14958592,48645555557,47164714736,2.034189583,2.022820542,False,True,79d90ef3cc4587bd70b84b51276e7f682ea5ed7903050695ccc268aaa016bc07,48b04834459e74147d2a25bc07b1081afba6a3cfe218527df3978643bf2e3670,c6e5fd39715ae35ebb5bca9474b69a6eeb180da5ac2fc1455ed4d7ff4a29b60c
15,candidate/baseline,212.0,213.0,15056896,15122432,48243951461,48352662338,2.025098292,2.028981083,False,True,79d90ef3cc4587bd70b84b51276e7f682ea5ed7903050695ccc268aaa016bc07,48b04834459e74147d2a25bc07b1081afba6a3cfe218527df3978643bf2e3670,c6e5fd39715ae35ebb5bca9474b69a6eeb180da5ac2fc1455ed4d7ff4a29b60c
16,baseline/candidate,211.0,210.0,15237120,14909440,47851812309,47953495014,2.013173375,2.027087041,False,True,79d90ef3cc4587bd70b84b51276e7f682ea5ed7903050695ccc268aaa016bc07,48b04834459e74147d2a25bc07b1081afba6a3cfe218527df3978643bf2e3670,c6e5fd39715ae35ebb5bca9474b69a6eeb180da5ac2fc1455ed4d7ff4a29b60c
17,candidate/baseline,210.0,211.0,15122432,14860288,47851136007,47562977992,2.016113416,2.014375083,False,True,79d90ef3cc4587bd70b84b51276e7f682ea5ed7903050695ccc268aaa016bc07,48b04834459e74147d2a25bc07b1081afba6a3cfe218527df3978643bf2e3670,c6e5fd39715ae35ebb5bca9474b69a6eeb180da5ac2fc1455ed4d7ff4a29b60c
18,baseline/candidate,210.0,212.0,15024128,14958592,47853065092,48353218645,2.02614475,2.038487125,False,True,79d90ef3cc4587bd70b84b51276e7f682ea5ed7903050695ccc268aaa016bc07,48b04834459e74147d2a25bc07b1081afba6a3cfe218527df3978643bf2e3670,c6e5fd39715ae35ebb5bca9474b69a6eeb180da5ac2fc1455ed4d7ff4a29b60c
19,candidate/baseline,210.0,211.0,15171584,14893056,48243016350,47953244350,2.032374458,2.027026875,False,True,79d90ef3cc4587bd70b84b51276e7f682ea5ed7903050695ccc268aaa016bc07,48b04834459e74147d2a25bc07b1081afba6a3cfe218527df3978643bf2e3670,c6e5fd39715ae35ebb5bca9474b69a6eeb180da5ac2fc1455ed4d7ff4a29b60c
20,baseline/candidate,210.0,211.0,15056896,14958592,47851654446,47564922027,2.01868675,2.022366208,False,True,79d90ef3cc4587bd70b84b51276e7f682ea5ed7903050695ccc268aaa016bc07,48b04834459e74147d2a25bc07b1081afba6a3cfe218527df3978643bf2e3670,c6e5fd39715ae35ebb5bca9474b69a6eeb180da5ac2fc1455ed4d7ff4a29b60c
21,candidate/baseline,209.0,210.0,15056896,14925824,47852634554,47564062808,2.030857,2.021358083,False,True,79d90ef3cc4587bd70b84b51276e7f682ea5ed7903050695ccc268aaa016bc07,48b04834459e74147d2a25bc07b1081afba6a3cfe218527df3978643bf2e3670,c6e5fd39715ae35ebb5bca9474b69a6eeb180da5ac2fc1455ed4d7ff4a29b60c
22,baseline/candidate,206.0,210.0,15122432,15187968,47462307452,47566458517,2.024256875,2.024916541,False,True,79d90ef3cc4587bd70b84b51276e7f682ea5ed7903050695ccc268aaa016bc07,48b04834459e74147d2a25bc07b1081afba6a3cfe218527df3978643bf2e3670,c6e5fd39715ae35ebb5bca9474b69a6eeb180da5ac2fc1455ed4d7ff4a29b60c
23,candidate/baseline,212.0,212.0,15138816,14958592,47851230923,47953666015,2.016377792,2.023728041,True,True,79d90ef3cc4587bd70b84b51276e7f682ea5ed7903050695ccc268aaa016bc07,48b04834459e74147d2a25bc07b1081afba6a3cfe218527df3978643bf2e3670,c6e5fd39715ae35ebb5bca9474b69a6eeb180da5ac2fc1455ed4d7ff4a29b60c
24,baseline/candidate,211.0,211.0,15056896,14958592,47853143380,47564138734,2.019049459,2.021633042,True,True,79d90ef3cc4587bd70b84b51276e7f682ea5ed7903050695ccc268aaa016bc07,48b04834459e74147d2a25bc07b1081afba6a3cfe218527df3978643bf2e3670,c6e5fd39715ae35ebb5bca9474b69a6eeb180da5ac2fc1455ed4d7ff4a29b60c
25,candidate/baseline,211.0,211.0,15106048,15171584,47851167562,47566903475,2.021779958,2.018583209,True,True,79d90ef3cc4587bd70b84b51276e7f682ea5ed7903050695ccc268aaa016bc07,48b04834459e74147d2a25bc07b1081afba6a3cfe218527df3978643bf2e3670,c6e5fd39715ae35ebb5bca9474b69a6eeb180da5ac2fc1455ed4d7ff4a29b60c
26,baseline/candidate,209.0,211.0,15089664,15122432,47851134239,47563928292,2.03758925,2.013852084,False,True,79d90ef3cc4587bd70b84b51276e7f682ea5ed7903050695ccc268aaa016bc07,48b04834459e74147d2a25bc07b1081afba6a3cfe218527df3978643bf2e3670,c6e5fd39715ae35ebb5bca9474b69a6eeb180da5ac2fc1455ed4d7ff4a29b60c
27,candidate/baseline,209.0,210.0,15056896,15122432,47853234971,47567004294,2.022197917,2.023729791,False,True,79d90ef3cc4587bd70b84b51276e7f682ea5ed7903050695ccc268aaa016bc07,48b04834459e74147d2a25bc07b1081afba6a3cfe218527df3978643bf2e3670,c6e5fd39715ae35ebb5bca9474b69a6eeb180da5ac2fc1455ed4d7ff4a29b60c
28,baseline/candidate,132.0,211.0,17006592,15122432,39104728555,47563888218,2.03797825,2.021091792,False,True,79d90ef3cc4587bd70b84b51276e7f682ea5ed7903050695ccc268aaa016bc07,48b04834459e74147d2a25bc07b1081afba6a3cfe218527df3978643bf2e3670,c6e5fd39715ae35ebb5bca9474b69a6eeb180da5ac2fc1455ed4d7ff4a29b60c
29,candidate/baseline,209.0,210.0,15155200,15171584,47851355182,47566577337,2.031002833,2.024804459,False,True,79d90ef3cc4587bd70b84b51276e7f682ea5ed7903050695ccc268aaa016bc07,48b04834459e74147d2a25bc07b1081afba6a3cfe218527df3978643bf2e3670,c6e5fd39715ae35ebb5bca9474b69a6eeb180da5ac2fc1455ed4d7ff4a29b60c
30,baseline/candidate,209.0,210.0,15204352,14958592,47447428721,47564270030,2.02515675,2.019441459,False,True,79d90ef3cc4587bd70b84b51276e7f682ea5ed7903050695ccc268aaa016bc07,48b04834459e74147d2a25bc07b1081afba6a3cfe218527df3978643bf2e3670,c6e5fd39715ae35ebb5bca9474b69a6eeb180da5ac2fc1455ed4d7ff4a29b60c
31,candidate/baseline,209.0,210.0,15155200,14876672,47449119347,47562987361,2.025147459,2.02191275,False,True,79d90ef3cc4587bd70b84b51276e7f682ea5ed7903050695ccc268aaa016bc07,48b04834459e74147d2a25bc07b1081afba6a3cfe218527df3978643bf2e3670,c6e5fd39715ae35ebb5bca9474b69a6eeb180da5ac2fc1455ed4d7ff4a29b60c
32,baseline/candidate,210.0,209.0,15220736,15056896,47850781345,47562935747,2.027369084,2.033722041,False,True,79d90ef3cc4587bd70b84b51276e7f682ea5ed7903050695ccc268aaa016bc07,48b04834459e74147d2a25bc07b1081afba6a3cfe218527df3978643bf2e3670,c6e5fd39715ae35ebb5bca9474b69a6eeb180da5ac2fc1455ed4d7ff4a29b60c
33,candidate/baseline,208.0,209.0,15089664,15171584,47449713037,47567613585,2.02143525,2.028155875,False,True,79d90ef3cc4587bd70b84b51276e7f682ea5ed7903050695ccc268aaa016bc07,48b04834459e74147d2a25bc07b1081afba6a3cfe218527df3978643bf2e3670,c6e5fd39715ae35ebb5bca9474b69a6eeb180da5ac2fc1455ed4d7ff4a29b60c
34,baseline/candidate,210.0,210.0,15220736,15073280,47851814012,47564047057,2.018375875,2.030568334,True,True,79d90ef3cc4587bd70b84b51276e7f682ea5ed7903050695ccc268aaa016bc07,48b04834459e74147d2a25bc07b1081afba6a3cfe218527df3978643bf2e3670,c6e5fd39715ae35ebb5bca9474b69a6eeb180da5ac2fc1455ed4d7ff4a29b60c
35,candidate/baseline,211.0,209.0,15138816,15155200,47852006188,47568611654,2.021367584,2.034586041,False,True,79d90ef3cc4587bd70b84b51276e7f682ea5ed7903050695ccc268aaa016bc07,48b04834459e74147d2a25bc07b1081afba6a3cfe218527df3978643bf2e3670,c6e5fd39715ae35ebb5bca9474b69a6eeb180da5ac2fc1455ed4d7ff4a29b60c
36,baseline/candidate,210.0,210.0,15073280,14942208,47852901078,47564258817,2.027860167,2.02476875,True,True,79d90ef3cc4587bd70b84b51276e7f682ea5ed7903050695ccc268aaa016bc07,48b04834459e74147d2a25bc07b1081afba6a3cfe218527df3978643bf2e3670,c6e5fd39715ae35ebb5bca9474b69a6eeb180da5ac2fc1455ed4d7ff4a29b60c
37,candidate/baseline,211.0,211.0,15073280,14942208,47851305261,47562959750,2.014862541,2.020102333,True,True,79d90ef3cc4587bd70b84b51276e7f682ea5ed7903050695ccc268aaa016bc07,48b04834459e74147d2a25bc07b1081afba6a3cfe218527df3978643bf2e3670,c6e5fd39715ae35ebb5bca9474b69a6eeb180da5ac2fc1455ed4d7ff4a29b60c
38,baseline/candidate,209.0,209.0,15089664,14876672,47851932778,47563973513,2.030541459,2.031262709,True,True,79d90ef3cc4587bd70b84b51276e7f682ea5ed7903050695ccc268aaa016bc07,48b04834459e74147d2a25bc07b1081afba6a3cfe218527df3978643bf2e3670,c6e5fd39715ae35ebb5bca9474b69a6eeb180da5ac2fc1455ed4d7ff4a29b60c
39,candidate/baseline,209.0,211.0,15073280,14876672,47851596770,47563030377,2.022876292,2.017529625,False,True,79d90ef3cc4587bd70b84b51276e7f682ea5ed7903050695ccc268aaa016bc07,48b04834459e74147d2a25bc07b1081afba6a3cfe218527df3978643bf2e3670,c6e5fd39715ae35ebb5bca9474b69a6eeb180da5ac2fc1455ed4d7ff4a29b60c
40,baseline/candidate,210.0,211.0,15122432,14958592,47851420842,47564569005,2.029211333,2.02028025,False,True,79d90ef3cc4587bd70b84b51276e7f682ea5ed7903050695ccc268aaa016bc07,48b04834459e74147d2a25bc07b1081afba6a3cfe218527df3978643bf2e3670,c6e5fd39715ae35ebb5bca9474b69a6eeb180da5ac2fc1455ed4d7ff4a29b60c
41,candidate/baseline,204.0,209.0,15171584,15073280,46262177764,47565797121,2.010008375,2.035651959,False,True,79d90ef3cc4587bd70b84b51276e7f682ea5ed7903050695ccc268aaa016bc07,48b04834459e74147d2a25bc07b1081afba6a3cfe218527df3978643bf2e3670,c6e5fd39715ae35ebb5bca9474b69a6eeb180da5ac2fc1455ed4d7ff4a29b60c
42,baseline/candidate,208.0,211.0,14974976,15122432,47449621063,47566674937,2.019957125,2.026462917,False,True,79d90ef3cc4587bd70b84b51276e7f682ea5ed7903050695ccc268aaa016bc07,48b04834459e74147d2a25bc07b1081afba6a3cfe218527df3978643bf2e3670,c6e5fd39715ae35ebb5bca9474b69a6eeb180da5ac2fc1455ed4d7ff4a29b60c
43,candidate/baseline,209.0,210.0,15089664,14876672,47851496222,47562863959,2.032055666,2.029966541,False,True,79d90ef3cc4587bd70b84b51276e7f682ea5ed7903050695ccc268aaa016bc07,48b04834459e74147d2a25bc07b1081afba6a3cfe218527df3978643bf2e3670,c6e5fd39715ae35ebb5bca9474b69a6eeb180da5ac2fc1455ed4d7ff4a29b60c
44,baseline/candidate,209.0,210.0,15138816,14876672,47449528068,47562862965,2.022006334,2.03065675,False,True,79d90ef3cc4587bd70b84b51276e7f682ea5ed7903050695ccc268aaa016bc07,48b04834459e74147d2a25bc07b1081afba6a3cfe218527df3978643bf2e3670,c6e5fd39715ae35ebb5bca9474b69a6eeb180da5ac2fc1455ed4d7ff4a29b60c
