fixture,build,round,exit_status,score,real_seconds,max_rss_bytes,instructions_retired,stdout_sha256
raytrace,baseline,1,0,405,7.72,23281664,147673614601,d0a7b1f95854e5d2ae6ebd27bc5f204630ae869b66475051846be54a78800e5e
raytrace,candidate,1,0,427,7.31,24231936,141556697145,6a23dacacb8e2e501d4133a4ae039e6d7d1a3165cb011c562deaa9b8b2f3a1f3
raytrace,candidate,2,0,428,7.29,24199168,141543136129,4a8b56f1ef8f82b556674e0748673ac5088514b86a7fa34ffa5c64a96086c1a0
raytrace,baseline,2,0,405,7.69,23461888,147692633996,d0a7b1f95854e5d2ae6ebd27bc5f204630ae869b66475051846be54a78800e5e
raytrace,baseline,3,0,400,7.77,24444928,147687682811,bb9e24a7d95c919cad046294a13108d92e893cf1a28cc6bc80705747d2cda175
raytrace,candidate,3,0,425,7.33,24346624,141552748228,68582f254bfde3a219922aca0e8859854b0674176c5957f78ce5d2e15deef436
raytrace,candidate,4,0,421,7.41,24477696,141552933702,f0434f5d4b860bd2e3d95f6561959faa10744edf284a462a2c7fdcb989fd99cb
raytrace,baseline,4,0,401,7.77,23134208,147695678182,2eee4429f1ba21432dd3048a340f6091eaceb1ea2ad5a1b735344c74bc6ccf2d
raytrace,baseline,5,0,404,7.71,25165824,147686414114,231ac23a09c7b74e260cffd7c60c30d9a18e8d77cc562193b76eff93aae72920
raytrace,candidate,5,0,424,7.36,24297472,141547306219,2e4ee84cd8874a937963c01095f557f0a18f1d12a0d172373b5b81feefea31c3
raytrace,candidate,6,0,418,7.45,24346624,141560319153,711fade732857965ae385d8fcecf9713cd563d7143480a2bc965913ab2f6424c
raytrace,baseline,6,0,402,7.74,23298048,147682220811,6f848341956824e0e23592405c40d4c6dfe7eb492db1cd2fae3b5309fb01d546
raytrace,baseline,7,0,400,7.79,24461312,147689116897,bb9e24a7d95c919cad046294a13108d92e893cf1a28cc6bc80705747d2cda175
raytrace,candidate,7,0,432,7.21,24248320,141548536843,f739c4bb006205b60071b6d3d0d247f9f0fbdfdd6a101a991d4edb8b9effa18c
raytrace,candidate,8,0,426,7.32,24231936,141558636345,f4553518f5ab205138a9394c7a839e8d1ecffae1a48f46a0e8b380e7f678e67e
raytrace,baseline,8,0,403,7.74,23199744,147689981516,c5ddd4933445bece63c22c474277b8410c3fa11c8fdc6cbd4a2e2de765d8b75c
raytrace,baseline,9,0,399,7.80,24854528,147693092431,54ca473c2769eb37e4cac63d52937fcfccff2ac6436b276381185829dd54ad49
raytrace,candidate,9,0,429,7.26,24592384,141555637442,30ea41c9ba24f2c3fedd72fb86652b49eb83345463596b0447d812322ef88f47
raytrace,candidate,10,0,413,7.55,24363008,141556973208,5a7f1e2833f82aa56155687f607555e1a383f77b3de7b09b770d8b2ad12aff46
raytrace,baseline,10,0,404,7.72,23314432,147681088828,231ac23a09c7b74e260cffd7c60c30d9a18e8d77cc562193b76eff93aae72920
raytrace,baseline,11,0,397,7.84,23183360,147695032704,bb0166411cf25905d993d02964a5397eccfc0c74558fa08f3db9e7611d355161
raytrace,candidate,11,0,420,7.41,24231936,141561312509,896fdbf1b9dfd8b52c594e6e33b4b90939b3d97d3bdb1cbf749d8fd8ac8c4a82
splay,baseline,1,0,2835,2.28,324960256,53985229286,2bde1986ec0011b373ef6a238bbcca000dbec9d66b736ceb7dfdf160d827b8f2
splay,candidate,1,0,2771,2.29,309067776,53737892193,7b9c9e6e3fc903c441e420a4a2047e991591f6f5d61a3ce5673412a4176ec13b
splay,candidate,2,0,2815,2.29,309182464,53739395280,81317a75e66ef3dc92c033413479a36215f87ef5bc68796be1160ae959d51b52
splay,baseline,2,0,2841,2.28,324976640,53985470895,e5546325bd8b4e65a481b0ce73fe15a0945b37f99281fc264c005825417350fe
splay,baseline,3,0,2818,2.30,324927488,53985363666,b46d8a4e1e31b89749c157036bc003415324a6659d567667bb093170339b9fb6
splay,candidate,3,0,2859,2.28,309280768,53992066620,66ae0c603f57c367a0f1891d0dbcb3f61bee50469e8856d898e77a6e45876d1e
splay,candidate,4,0,2839,2.28,309133312,53838051985,f04347b4e0ff8f5dffc58c8bbc7984f0951d3819972c87eb5708a67db6283919
splay,baseline,4,0,2839,2.29,324993024,53986036211,f04347b4e0ff8f5dffc58c8bbc7984f0951d3819972c87eb5708a67db6283919
splay,baseline,5,0,2849,2.28,324976640,54032452716,f93cf726141548ee3c321614e7d86d0f0354907a44eddf9dffd1c467a94009d5
splay,candidate,5,0,2838,2.29,309018624,53738525732,d34cd177e0d598ed3e666e797c2ade431cbc5bf263e88c6b5be4194443c444b5
splay,candidate,6,0,2807,2.29,309100544,53736886326,a2a13eded383c7885cb1df2c77c252a65c82d1cea38261f13447fd1db2f862a6
splay,baseline,6,0,2838,2.29,325140480,53981646231,d34cd177e0d598ed3e666e797c2ade431cbc5bf263e88c6b5be4194443c444b5
splay,baseline,7,0,2831,2.29,324993024,53981132836,b631140c8454f7a8c651d7a0ee4968355f14cb55cecf0675bcb7769fa232a019
splay,candidate,7,0,2841,2.28,309035008,53738864398,e5546325bd8b4e65a481b0ce73fe15a0945b37f99281fc264c005825417350fe
splay,candidate,8,0,2841,2.28,309035008,53785972926,e5546325bd8b4e65a481b0ce73fe15a0945b37f99281fc264c005825417350fe
splay,baseline,8,0,2836,2.28,324878336,53986308668,88891b12e27460bba7cce3dac4e9a994660771771baecdaa914f276353167132
splay,baseline,9,0,2832,2.29,324861952,53984163427,69e4feebab7d0ac4c1dc7390c1055f30a82a05148942557a9003f972900927b6
splay,candidate,9,0,2866,2.28,309248000,54097741326,e234ab186c913782398b9f462c219ef3894489d8098b745b4c3f1d5afecdfdf9
splay,candidate,10,0,2839,2.29,309002240,53736114447,f04347b4e0ff8f5dffc58c8bbc7984f0951d3819972c87eb5708a67db6283919
splay,baseline,10,0,2863,2.28,324943872,53985545160,880af68c5db4be4178638afb3eee710e54cf15d5ad64d0b67e3da59b1c07cdde
splay,baseline,11,0,2866,2.28,324911104,53983597645,e234ab186c913782398b9f462c219ef3894489d8098b745b4c3f1d5afecdfdf9
splay,candidate,11,0,2865,2.28,309149696,53992665961,f76bfb1ccc55f443c834385528c16aa3c94c20283f56b5363a4c5b2c725b89d1
