source,pair,lto,instructions_retired,cycles_elapsed,max_rss_bytes,elapsed_seconds
clean-baseline,1,thin,9096136168,1047522619,17956864,0.74
clean-baseline,1,fat,8884802946,1229490955,17301504,0.67
clean-baseline,2,fat,8874571536,1117618081,17170432,0.27
clean-baseline,2,thin,9083022519,1025809439,18087936,0.25
clean-baseline,3,thin,9084017033,1024480545,18104320,0.25
clean-baseline,3,fat,8873134481,1227611452,17235968,0.3
clean-baseline,4,fat,8873971949,1219474695,17154048,0.3
clean-baseline,4,thin,9083246113,1029945849,18120704,0.25
clean-baseline,5,thin,9082837429,1037381774,18038784,0.25
clean-baseline,5,fat,8873656290,1188090512,17055744,0.29
clean-baseline,6,fat,8873974871,1186907405,17235968,0.29
clean-baseline,6,thin,9083120600,1024933360,18055168,0.25
clean-baseline,7,thin,9082859501,1033785214,17956864,0.25
clean-baseline,7,fat,8874305165,1210371554,17088512,0.3
clean-baseline,8,fat,8874084684,1184967128,16957440,0.29
clean-baseline,8,thin,9083311684,1029178596,18038784,0.25
clean-baseline,9,thin,9082947698,1029165250,17907712,0.25
clean-baseline,9,fat,8874686722,1222438844,17203200,0.3
clean-baseline,10,fat,8874478382,1179895926,16973824,0.29
clean-baseline,10,thin,9082650109,1027642058,17891328,0.25
clean-baseline,11,thin,9082904869,1028228964,18071552,0.25
clean-baseline,11,fat,8874297172,1173375170,17137664,0.29
well-known-atoms-candidate,1,thin,9083996225,1032105152,18120704,0.27
well-known-atoms-candidate,1,fat,8871862424,1164675208,17072128,0.28
well-known-atoms-candidate,2,fat,8872733129,1234346999,16957440,0.3
well-known-atoms-candidate,2,thin,9083199465,1031459293,18071552,0.25
well-known-atoms-candidate,3,thin,9083369347,1032090365,18038784,0.25
well-known-atoms-candidate,3,fat,8873197071,1196945718,17137664,0.29
well-known-atoms-candidate,4,fat,8872904701,1182092725,17088512,0.29
well-known-atoms-candidate,4,thin,9083237856,1030898726,18055168,0.25
well-known-atoms-candidate,5,thin,9083388280,1026908249,18022400,0.25
well-known-atoms-candidate,5,fat,8873147000,1166255258,17203200,0.28
well-known-atoms-candidate,6,fat,8873129776,1209673671,17219584,0.29
well-known-atoms-candidate,6,thin,9083572244,1030315781,17924096,0.25
well-known-atoms-candidate,7,thin,9083123257,1029001012,18137088,0.25
well-known-atoms-candidate,7,fat,8872894234,1236595987,17039360,0.3
well-known-atoms-candidate,8,fat,8872973242,1131658932,17104896,0.28
well-known-atoms-candidate,8,thin,9083290885,1020601513,18104320,0.25
well-known-atoms-candidate,9,thin,9083251325,1029929208,18104320,0.25
well-known-atoms-candidate,9,fat,8873050975,1194924043,17154048,0.29
well-known-atoms-candidate,10,fat,8873266898,1183627511,17219584,0.29
well-known-atoms-candidate,10,thin,9083251253,1025011580,18055168,0.25
well-known-atoms-candidate,11,thin,9083531430,1023417326,17940480,0.25
well-known-atoms-candidate,11,fat,8872665719,1214583747,17055744,0.29
