fixture,pair,order,baseline_instructions,candidate_instructions,baseline_elapsed_seconds,candidate_elapsed_seconds,baseline_user_seconds,candidate_user_seconds,baseline_max_rss_bytes,candidate_max_rss_bytes
local_store,1,candidate>baseline,10955605384,9788481052,0.67,0.73,0.34,0.3,19873792,20316160
local_store,2,baseline>candidate,10941266977,9775453511,0.32,0.27,0.31,0.27,19611648,19775488
local_store,3,candidate>baseline,10941777508,9776548448,0.32,0.27,0.32,0.27,19726336,19660800
local_store,4,baseline>candidate,10941350793,9776379716,0.32,0.27,0.32,0.27,19709952,19709952
local_store,5,candidate>baseline,10942979021,9775771136,0.32,0.27,0.32,0.27,19857408,19742720
local_store,6,baseline>candidate,10941071775,9776640888,0.32,0.27,0.32,0.27,19644416,19693568
local_store,7,candidate>baseline,10941529435,9776028858,0.32,0.27,0.32,0.26,19775488,19726336
local_store,8,baseline>candidate,10941609960,9776141705,0.32,0.27,0.32,0.27,19890176,19693568
local_store,9,candidate>baseline,10943191226,9775932153,0.32,0.27,0.32,0.26,19955712,19726336
local_store,10,baseline>candidate,10943065462,9776079045,0.32,0.27,0.31,0.27,19972096,19775488
local_store,11,candidate>baseline,10941359116,9776288227,0.32,0.27,0.32,0.27,19644416,19709952
cjs_call,1,candidate>baseline,34463665225,29097931840,1.16,1.0,1.15,1.0,19775488,19791872
cjs_call,2,baseline>candidate,34463235437,29097759693,1.16,0.99,1.15,0.98,19628032,19742720
cjs_call,3,candidate>baseline,34465495136,29098606386,1.17,1.05,1.17,1.01,19922944,19890176
cjs_call,4,baseline>candidate,34463757819,29099003272,1.17,1.01,1.16,1.0,19644416,19693568
cjs_call,5,candidate>baseline,34465018531,29098551538,1.16,1.0,1.16,1.0,19873792,19660800
cjs_call,6,baseline>candidate,34463377837,29097272984,1.16,1.0,1.16,0.99,19578880,19677184
cjs_call,7,candidate>baseline,34465292513,29098266428,1.16,0.99,1.16,0.99,19939328,19841024
cjs_call,8,baseline>candidate,34465179240,29098120768,1.16,1.01,1.16,1.0,19955712,19709952
cjs_call,9,candidate>baseline,34464326878,29097761551,1.16,0.99,1.16,0.99,19775488,19693568
cjs_call,10,baseline>candidate,34465254350,29097415584,1.15,0.99,1.15,0.99,19955712,19824640
cjs_call,11,candidate>baseline,34464520410,29097620310,1.16,1.0,1.16,0.99,19775488,19693568
