fixture,pair,first,baseline_instructions,candidate_instructions,baseline_elapsed_seconds,candidate_elapsed_seconds,baseline_max_rss_bytes,candidate_max_rss_bytes,baseline_sha256,candidate_sha256,fixture_sha256
fill-1m.js,1,candidate,43202507572,15772756701,2.560000,0.550000,197214208,23756800,82eb554ed35507d8f2721e1d150dd4948f88e35affaa19f3bc64c9b7a029c8d1,1de1eebd50cfc81704eeb5816323a4f6c305858eebc2121eb8cc0f4b74d1001c,2c8b173a2806c47a9f0f50fe003ccc6eb872730619f473f65f45a9169ecf80d8
fill-1m.js,2,baseline,43190612839,15772883263,2.570000,0.560000,197181440,23707648,82eb554ed35507d8f2721e1d150dd4948f88e35affaa19f3bc64c9b7a029c8d1,1de1eebd50cfc81704eeb5816323a4f6c305858eebc2121eb8cc0f4b74d1001c,2c8b173a2806c47a9f0f50fe003ccc6eb872730619f473f65f45a9169ecf80d8
fill-1m.js,3,candidate,43194800114,15773271348,2.610000,0.560000,197246976,23805952,82eb554ed35507d8f2721e1d150dd4948f88e35affaa19f3bc64c9b7a029c8d1,1de1eebd50cfc81704eeb5816323a4f6c305858eebc2121eb8cc0f4b74d1001c,2c8b173a2806c47a9f0f50fe003ccc6eb872730619f473f65f45a9169ecf80d8
fill-1m.js,4,baseline,43196239344,15772680699,2.560000,0.550000,197214208,23789568,82eb554ed35507d8f2721e1d150dd4948f88e35affaa19f3bc64c9b7a029c8d1,1de1eebd50cfc81704eeb5816323a4f6c305858eebc2121eb8cc0f4b74d1001c,2c8b173a2806c47a9f0f50fe003ccc6eb872730619f473f65f45a9169ecf80d8
fill-1m.js,5,candidate,43192791449,15773381681,2.550000,0.560000,197181440,23756800,82eb554ed35507d8f2721e1d150dd4948f88e35affaa19f3bc64c9b7a029c8d1,1de1eebd50cfc81704eeb5816323a4f6c305858eebc2121eb8cc0f4b74d1001c,2c8b173a2806c47a9f0f50fe003ccc6eb872730619f473f65f45a9169ecf80d8
fill-1m.js,6,baseline,43208186059,15772876528,2.560000,0.560000,197705728,23707648,82eb554ed35507d8f2721e1d150dd4948f88e35affaa19f3bc64c9b7a029c8d1,1de1eebd50cfc81704eeb5816323a4f6c305858eebc2121eb8cc0f4b74d1001c,2c8b173a2806c47a9f0f50fe003ccc6eb872730619f473f65f45a9169ecf80d8
fill-1m.js,7,candidate,43203407094,15772568145,2.560000,0.560000,197623808,23773184,82eb554ed35507d8f2721e1d150dd4948f88e35affaa19f3bc64c9b7a029c8d1,1de1eebd50cfc81704eeb5816323a4f6c305858eebc2121eb8cc0f4b74d1001c,2c8b173a2806c47a9f0f50fe003ccc6eb872730619f473f65f45a9169ecf80d8
fill-1m.js,8,baseline,43208674090,15773474892,2.570000,0.550000,197214208,23724032,82eb554ed35507d8f2721e1d150dd4948f88e35affaa19f3bc64c9b7a029c8d1,1de1eebd50cfc81704eeb5816323a4f6c305858eebc2121eb8cc0f4b74d1001c,2c8b173a2806c47a9f0f50fe003ccc6eb872730619f473f65f45a9169ecf80d8
fill-1m.js,9,candidate,43197766093,15772660635,2.570000,0.550000,197230592,23707648,82eb554ed35507d8f2721e1d150dd4948f88e35affaa19f3bc64c9b7a029c8d1,1de1eebd50cfc81704eeb5816323a4f6c305858eebc2121eb8cc0f4b74d1001c,2c8b173a2806c47a9f0f50fe003ccc6eb872730619f473f65f45a9169ecf80d8
fill-1m.js,10,baseline,43207352491,15772849735,2.540000,0.560000,197165056,23724032,82eb554ed35507d8f2721e1d150dd4948f88e35affaa19f3bc64c9b7a029c8d1,1de1eebd50cfc81704eeb5816323a4f6c305858eebc2121eb8cc0f4b74d1001c,2c8b173a2806c47a9f0f50fe003ccc6eb872730619f473f65f45a9169ecf80d8
fill-1m.js,11,candidate,43199196753,15772972600,2.560000,0.550000,197197824,23773184,82eb554ed35507d8f2721e1d150dd4948f88e35affaa19f3bc64c9b7a029c8d1,1de1eebd50cfc81704eeb5816323a4f6c305858eebc2121eb8cc0f4b74d1001c,2c8b173a2806c47a9f0f50fe003ccc6eb872730619f473f65f45a9169ecf80d8
two-arrays-500k.js,1,candidate,38100787184,11272653032,2.340000,0.400000,318783488,26492928,82eb554ed35507d8f2721e1d150dd4948f88e35affaa19f3bc64c9b7a029c8d1,1de1eebd50cfc81704eeb5816323a4f6c305858eebc2121eb8cc0f4b74d1001c,6c857958efd00b97b341bb6c713dde688747428e5e76598802ce9b3d754cafd2
two-arrays-500k.js,2,baseline,38099313409,11273734753,2.340000,0.410000,318685184,26443776,82eb554ed35507d8f2721e1d150dd4948f88e35affaa19f3bc64c9b7a029c8d1,1de1eebd50cfc81704eeb5816323a4f6c305858eebc2121eb8cc0f4b74d1001c,6c857958efd00b97b341bb6c713dde688747428e5e76598802ce9b3d754cafd2
two-arrays-500k.js,3,candidate,38103775372,11273518234,2.380000,0.400000,317341696,26492928,82eb554ed35507d8f2721e1d150dd4948f88e35affaa19f3bc64c9b7a029c8d1,1de1eebd50cfc81704eeb5816323a4f6c305858eebc2121eb8cc0f4b74d1001c,6c857958efd00b97b341bb6c713dde688747428e5e76598802ce9b3d754cafd2
two-arrays-500k.js,4,baseline,38103761159,11272994649,2.330000,0.400000,318734336,26476544,82eb554ed35507d8f2721e1d150dd4948f88e35affaa19f3bc64c9b7a029c8d1,1de1eebd50cfc81704eeb5816323a4f6c305858eebc2121eb8cc0f4b74d1001c,6c857958efd00b97b341bb6c713dde688747428e5e76598802ce9b3d754cafd2
two-arrays-500k.js,5,candidate,38100080002,11273591000,2.360000,0.410000,320012288,26492928,82eb554ed35507d8f2721e1d150dd4948f88e35affaa19f3bc64c9b7a029c8d1,1de1eebd50cfc81704eeb5816323a4f6c305858eebc2121eb8cc0f4b74d1001c,6c857958efd00b97b341bb6c713dde688747428e5e76598802ce9b3d754cafd2
two-arrays-500k.js,6,baseline,38097434381,11272861659,2.340000,0.410000,319406080,26427392,82eb554ed35507d8f2721e1d150dd4948f88e35affaa19f3bc64c9b7a029c8d1,1de1eebd50cfc81704eeb5816323a4f6c305858eebc2121eb8cc0f4b74d1001c,6c857958efd00b97b341bb6c713dde688747428e5e76598802ce9b3d754cafd2
two-arrays-500k.js,7,candidate,38105736537,11272839850,2.350000,0.400000,318767104,26492928,82eb554ed35507d8f2721e1d150dd4948f88e35affaa19f3bc64c9b7a029c8d1,1de1eebd50cfc81704eeb5816323a4f6c305858eebc2121eb8cc0f4b74d1001c,6c857958efd00b97b341bb6c713dde688747428e5e76598802ce9b3d754cafd2
two-arrays-500k.js,8,baseline,38110014836,11272646231,2.340000,0.400000,318734336,26460160,82eb554ed35507d8f2721e1d150dd4948f88e35affaa19f3bc64c9b7a029c8d1,1de1eebd50cfc81704eeb5816323a4f6c305858eebc2121eb8cc0f4b74d1001c,6c857958efd00b97b341bb6c713dde688747428e5e76598802ce9b3d754cafd2
two-arrays-500k.js,9,candidate,38106500286,11273095904,2.330000,0.410000,318685184,26492928,82eb554ed35507d8f2721e1d150dd4948f88e35affaa19f3bc64c9b7a029c8d1,1de1eebd50cfc81704eeb5816323a4f6c305858eebc2121eb8cc0f4b74d1001c,6c857958efd00b97b341bb6c713dde688747428e5e76598802ce9b3d754cafd2
two-arrays-500k.js,10,baseline,38094427909,11273078624,2.340000,0.400000,318783488,26378240,82eb554ed35507d8f2721e1d150dd4948f88e35affaa19f3bc64c9b7a029c8d1,1de1eebd50cfc81704eeb5816323a4f6c305858eebc2121eb8cc0f4b74d1001c,6c857958efd00b97b341bb6c713dde688747428e5e76598802ce9b3d754cafd2
two-arrays-500k.js,11,candidate,38105681001,11272861821,2.330000,0.410000,318767104,26476544,82eb554ed35507d8f2721e1d150dd4948f88e35affaa19f3bc64c9b7a029c8d1,1de1eebd50cfc81704eeb5816323a4f6c305858eebc2121eb8cc0f4b74d1001c,6c857958efd00b97b341bb6c713dde688747428e5e76598802ce9b3d754cafd2
dense-overwrite-1m.js,1,candidate,29577058877,27046969289,1.180000,1.040000,13877248,13860864,82eb554ed35507d8f2721e1d150dd4948f88e35affaa19f3bc64c9b7a029c8d1,1de1eebd50cfc81704eeb5816323a4f6c305858eebc2121eb8cc0f4b74d1001c,bf4ef83c6ebdd3caa1aec9200b88ded2fb99627f1cc1071837d002da33835f55
dense-overwrite-1m.js,2,baseline,29581551174,27047136277,1.190000,1.060000,13959168,15597568,82eb554ed35507d8f2721e1d150dd4948f88e35affaa19f3bc64c9b7a029c8d1,1de1eebd50cfc81704eeb5816323a4f6c305858eebc2121eb8cc0f4b74d1001c,bf4ef83c6ebdd3caa1aec9200b88ded2fb99627f1cc1071837d002da33835f55
dense-overwrite-1m.js,3,candidate,29602240410,27049319347,1.220000,1.050000,15810560,13893632,82eb554ed35507d8f2721e1d150dd4948f88e35affaa19f3bc64c9b7a029c8d1,1de1eebd50cfc81704eeb5816323a4f6c305858eebc2121eb8cc0f4b74d1001c,bf4ef83c6ebdd3caa1aec9200b88ded2fb99627f1cc1071837d002da33835f55
dense-overwrite-1m.js,4,baseline,29586604305,27049385480,1.230000,1.080000,13959168,13942784,82eb554ed35507d8f2721e1d150dd4948f88e35affaa19f3bc64c9b7a029c8d1,1de1eebd50cfc81704eeb5816323a4f6c305858eebc2121eb8cc0f4b74d1001c,bf4ef83c6ebdd3caa1aec9200b88ded2fb99627f1cc1071837d002da33835f55
dense-overwrite-1m.js,5,candidate,29574550930,27049278000,1.210000,1.050000,13893632,13844480,82eb554ed35507d8f2721e1d150dd4948f88e35affaa19f3bc64c9b7a029c8d1,1de1eebd50cfc81704eeb5816323a4f6c305858eebc2121eb8cc0f4b74d1001c,bf4ef83c6ebdd3caa1aec9200b88ded2fb99627f1cc1071837d002da33835f55
dense-overwrite-1m.js,6,baseline,29574714806,27049081344,1.210000,1.060000,13893632,13877248,82eb554ed35507d8f2721e1d150dd4948f88e35affaa19f3bc64c9b7a029c8d1,1de1eebd50cfc81704eeb5816323a4f6c305858eebc2121eb8cc0f4b74d1001c,bf4ef83c6ebdd3caa1aec9200b88ded2fb99627f1cc1071837d002da33835f55
dense-overwrite-1m.js,7,candidate,29581198130,27049171732,1.220000,1.080000,13926400,13877248,82eb554ed35507d8f2721e1d150dd4948f88e35affaa19f3bc64c9b7a029c8d1,1de1eebd50cfc81704eeb5816323a4f6c305858eebc2121eb8cc0f4b74d1001c,bf4ef83c6ebdd3caa1aec9200b88ded2fb99627f1cc1071837d002da33835f55
dense-overwrite-1m.js,8,baseline,29582813125,27045228004,1.190000,1.080000,13959168,13811712,82eb554ed35507d8f2721e1d150dd4948f88e35affaa19f3bc64c9b7a029c8d1,1de1eebd50cfc81704eeb5816323a4f6c305858eebc2121eb8cc0f4b74d1001c,bf4ef83c6ebdd3caa1aec9200b88ded2fb99627f1cc1071837d002da33835f55
dense-overwrite-1m.js,9,candidate,29582393596,27043965022,1.220000,1.060000,13959168,13811712,82eb554ed35507d8f2721e1d150dd4948f88e35affaa19f3bc64c9b7a029c8d1,1de1eebd50cfc81704eeb5816323a4f6c305858eebc2121eb8cc0f4b74d1001c,bf4ef83c6ebdd3caa1aec9200b88ded2fb99627f1cc1071837d002da33835f55
dense-overwrite-1m.js,10,baseline,29580843256,27049540626,1.220000,1.090000,13942784,13893632,82eb554ed35507d8f2721e1d150dd4948f88e35affaa19f3bc64c9b7a029c8d1,1de1eebd50cfc81704eeb5816323a4f6c305858eebc2121eb8cc0f4b74d1001c,bf4ef83c6ebdd3caa1aec9200b88ded2fb99627f1cc1071837d002da33835f55
dense-overwrite-1m.js,11,candidate,29575010574,27043437945,1.220000,1.060000,13910016,13811712,82eb554ed35507d8f2721e1d150dd4948f88e35affaa19f3bc64c9b7a029c8d1,1de1eebd50cfc81704eeb5816323a4f6c305858eebc2121eb8cc0f4b74d1001c,bf4ef83c6ebdd3caa1aec9200b88ded2fb99627f1cc1071837d002da33835f55
