case,pair,first,baseline_instructions,candidate_instructions,baseline_maximum_rss_bytes,candidate_maximum_rss_bytes,baseline_elapsed_seconds,candidate_elapsed_seconds,baseline_output,candidate_output,baseline_sha256,candidate_sha256,fixture_sha256
local-control,1,candidate,2082460912,2082657744,12779520,12795904,0.050000,0.060000,1999999,1999999,5e359d09bf1ec9304a3f8a3bc9e83be24c1d9ff7c88fc0bd408f57a9b6db6390,4181ed8bd9fa6830418d98b5bce591a8ca691e0d8ded327b6f9761d0834a4806,71460ea65ee22aa28018240c784fbbdaceebbafb810f96feac4ba9a3ceabaea6
local-control,2,baseline,2082278596,2082555858,12648448,12812288,0.050000,0.050000,1999999,1999999,5e359d09bf1ec9304a3f8a3bc9e83be24c1d9ff7c88fc0bd408f57a9b6db6390,4181ed8bd9fa6830418d98b5bce591a8ca691e0d8ded327b6f9761d0834a4806,71460ea65ee22aa28018240c784fbbdaceebbafb810f96feac4ba9a3ceabaea6
local-control,3,candidate,2082469145,2082503963,12779520,12828672,0.050000,0.050000,1999999,1999999,5e359d09bf1ec9304a3f8a3bc9e83be24c1d9ff7c88fc0bd408f57a9b6db6390,4181ed8bd9fa6830418d98b5bce591a8ca691e0d8ded327b6f9761d0834a4806,71460ea65ee22aa28018240c784fbbdaceebbafb810f96feac4ba9a3ceabaea6
local-control,4,baseline,2082472087,2082641367,12763136,12828672,0.050000,0.050000,1999999,1999999,5e359d09bf1ec9304a3f8a3bc9e83be24c1d9ff7c88fc0bd408f57a9b6db6390,4181ed8bd9fa6830418d98b5bce591a8ca691e0d8ded327b6f9761d0834a4806,71460ea65ee22aa28018240c784fbbdaceebbafb810f96feac4ba9a3ceabaea6
local-control,5,candidate,2082468215,2082163794,12795904,12697600,0.050000,0.050000,1999999,1999999,5e359d09bf1ec9304a3f8a3bc9e83be24c1d9ff7c88fc0bd408f57a9b6db6390,4181ed8bd9fa6830418d98b5bce591a8ca691e0d8ded327b6f9761d0834a4806,71460ea65ee22aa28018240c784fbbdaceebbafb810f96feac4ba9a3ceabaea6
local-control,6,baseline,2082449828,2082577950,12763136,12828672,0.050000,0.050000,1999999,1999999,5e359d09bf1ec9304a3f8a3bc9e83be24c1d9ff7c88fc0bd408f57a9b6db6390,4181ed8bd9fa6830418d98b5bce591a8ca691e0d8ded327b6f9761d0834a4806,71460ea65ee22aa28018240c784fbbdaceebbafb810f96feac4ba9a3ceabaea6
local-control,7,candidate,2082419860,2082662725,12713984,12779520,0.060000,0.050000,1999999,1999999,5e359d09bf1ec9304a3f8a3bc9e83be24c1d9ff7c88fc0bd408f57a9b6db6390,4181ed8bd9fa6830418d98b5bce591a8ca691e0d8ded327b6f9761d0834a4806,71460ea65ee22aa28018240c784fbbdaceebbafb810f96feac4ba9a3ceabaea6
local-control,8,baseline,2082397560,2082334759,12697600,12730368,0.050000,0.050000,1999999,1999999,5e359d09bf1ec9304a3f8a3bc9e83be24c1d9ff7c88fc0bd408f57a9b6db6390,4181ed8bd9fa6830418d98b5bce591a8ca691e0d8ded327b6f9761d0834a4806,71460ea65ee22aa28018240c784fbbdaceebbafb810f96feac4ba9a3ceabaea6
local-control,9,candidate,2082433220,2082409480,12795904,12795904,0.050000,0.050000,1999999,1999999,5e359d09bf1ec9304a3f8a3bc9e83be24c1d9ff7c88fc0bd408f57a9b6db6390,4181ed8bd9fa6830418d98b5bce591a8ca691e0d8ded327b6f9761d0834a4806,71460ea65ee22aa28018240c784fbbdaceebbafb810f96feac4ba9a3ceabaea6
local-control,10,baseline,2082451760,2082764792,12795904,12795904,0.050000,0.050000,1999999,1999999,5e359d09bf1ec9304a3f8a3bc9e83be24c1d9ff7c88fc0bd408f57a9b6db6390,4181ed8bd9fa6830418d98b5bce591a8ca691e0d8ded327b6f9761d0834a4806,71460ea65ee22aa28018240c784fbbdaceebbafb810f96feac4ba9a3ceabaea6
local-control,11,candidate,2082279207,2082495065,12713984,12877824,0.050000,0.050000,1999999,1999999,5e359d09bf1ec9304a3f8a3bc9e83be24c1d9ff7c88fc0bd408f57a9b6db6390,4181ed8bd9fa6830418d98b5bce591a8ca691e0d8ded327b6f9761d0834a4806,71460ea65ee22aa28018240c784fbbdaceebbafb810f96feac4ba9a3ceabaea6
plain-call,1,candidate,6881325044,6734811084,12779520,12763136,0.250000,0.240000,1999999,1999999,5e359d09bf1ec9304a3f8a3bc9e83be24c1d9ff7c88fc0bd408f57a9b6db6390,4181ed8bd9fa6830418d98b5bce591a8ca691e0d8ded327b6f9761d0834a4806,e2f0801b9b6bd12dc9a21ca631291f2ecc7e67cfe58de79d70ee48acea6ca9fc
plain-call,2,baseline,6881451424,6735648242,12795904,12795904,0.240000,0.240000,1999999,1999999,5e359d09bf1ec9304a3f8a3bc9e83be24c1d9ff7c88fc0bd408f57a9b6db6390,4181ed8bd9fa6830418d98b5bce591a8ca691e0d8ded327b6f9761d0834a4806,e2f0801b9b6bd12dc9a21ca631291f2ecc7e67cfe58de79d70ee48acea6ca9fc
plain-call,3,candidate,6881264352,6735209308,12664832,12681216,0.250000,0.240000,1999999,1999999,5e359d09bf1ec9304a3f8a3bc9e83be24c1d9ff7c88fc0bd408f57a9b6db6390,4181ed8bd9fa6830418d98b5bce591a8ca691e0d8ded327b6f9761d0834a4806,e2f0801b9b6bd12dc9a21ca631291f2ecc7e67cfe58de79d70ee48acea6ca9fc
plain-call,4,baseline,6881286180,6735744249,12648448,12861440,0.250000,0.240000,1999999,1999999,5e359d09bf1ec9304a3f8a3bc9e83be24c1d9ff7c88fc0bd408f57a9b6db6390,4181ed8bd9fa6830418d98b5bce591a8ca691e0d8ded327b6f9761d0834a4806,e2f0801b9b6bd12dc9a21ca631291f2ecc7e67cfe58de79d70ee48acea6ca9fc
plain-call,5,candidate,6880829269,6735248620,12697600,12681216,0.240000,0.240000,1999999,1999999,5e359d09bf1ec9304a3f8a3bc9e83be24c1d9ff7c88fc0bd408f57a9b6db6390,4181ed8bd9fa6830418d98b5bce591a8ca691e0d8ded327b6f9761d0834a4806,e2f0801b9b6bd12dc9a21ca631291f2ecc7e67cfe58de79d70ee48acea6ca9fc
plain-call,6,baseline,6881010229,6735286457,12697600,12795904,0.250000,0.240000,1999999,1999999,5e359d09bf1ec9304a3f8a3bc9e83be24c1d9ff7c88fc0bd408f57a9b6db6390,4181ed8bd9fa6830418d98b5bce591a8ca691e0d8ded327b6f9761d0834a4806,e2f0801b9b6bd12dc9a21ca631291f2ecc7e67cfe58de79d70ee48acea6ca9fc
plain-call,7,candidate,6881336511,6735084116,12779520,12746752,0.240000,0.240000,1999999,1999999,5e359d09bf1ec9304a3f8a3bc9e83be24c1d9ff7c88fc0bd408f57a9b6db6390,4181ed8bd9fa6830418d98b5bce591a8ca691e0d8ded327b6f9761d0834a4806,e2f0801b9b6bd12dc9a21ca631291f2ecc7e67cfe58de79d70ee48acea6ca9fc
plain-call,8,baseline,6880817650,6735257118,12828672,12746752,0.240000,0.240000,1999999,1999999,5e359d09bf1ec9304a3f8a3bc9e83be24c1d9ff7c88fc0bd408f57a9b6db6390,4181ed8bd9fa6830418d98b5bce591a8ca691e0d8ded327b6f9761d0834a4806,e2f0801b9b6bd12dc9a21ca631291f2ecc7e67cfe58de79d70ee48acea6ca9fc
plain-call,9,candidate,6881378347,6735077294,12713984,12746752,0.250000,0.240000,1999999,1999999,5e359d09bf1ec9304a3f8a3bc9e83be24c1d9ff7c88fc0bd408f57a9b6db6390,4181ed8bd9fa6830418d98b5bce591a8ca691e0d8ded327b6f9761d0834a4806,e2f0801b9b6bd12dc9a21ca631291f2ecc7e67cfe58de79d70ee48acea6ca9fc
plain-call,10,baseline,6883184007,6735028973,12812288,12763136,0.250000,0.240000,1999999,1999999,5e359d09bf1ec9304a3f8a3bc9e83be24c1d9ff7c88fc0bd408f57a9b6db6390,4181ed8bd9fa6830418d98b5bce591a8ca691e0d8ded327b6f9761d0834a4806,e2f0801b9b6bd12dc9a21ca631291f2ecc7e67cfe58de79d70ee48acea6ca9fc
plain-call,11,candidate,6880881253,6735388123,12730368,12926976,0.240000,0.240000,1999999,1999999,5e359d09bf1ec9304a3f8a3bc9e83be24c1d9ff7c88fc0bd408f57a9b6db6390,4181ed8bd9fa6830418d98b5bce591a8ca691e0d8ded327b6f9761d0834a4806,e2f0801b9b6bd12dc9a21ca631291f2ecc7e67cfe58de79d70ee48acea6ca9fc
captured-call,1,candidate,7887333201,7699418449,12828672,12894208,0.280000,0.270000,2000016,2000016,5e359d09bf1ec9304a3f8a3bc9e83be24c1d9ff7c88fc0bd408f57a9b6db6390,4181ed8bd9fa6830418d98b5bce591a8ca691e0d8ded327b6f9761d0834a4806,379b20d25d569a292d6207954e4c84adb31ca123868aff3a9c64eb6385301bdf
captured-call,2,baseline,7887225347,7699135201,12828672,12795904,0.280000,0.270000,2000016,2000016,5e359d09bf1ec9304a3f8a3bc9e83be24c1d9ff7c88fc0bd408f57a9b6db6390,4181ed8bd9fa6830418d98b5bce591a8ca691e0d8ded327b6f9761d0834a4806,379b20d25d569a292d6207954e4c84adb31ca123868aff3a9c64eb6385301bdf
captured-call,3,candidate,7887192779,7699273048,12812288,12763136,0.280000,0.270000,2000016,2000016,5e359d09bf1ec9304a3f8a3bc9e83be24c1d9ff7c88fc0bd408f57a9b6db6390,4181ed8bd9fa6830418d98b5bce591a8ca691e0d8ded327b6f9761d0834a4806,379b20d25d569a292d6207954e4c84adb31ca123868aff3a9c64eb6385301bdf
captured-call,4,baseline,7887158192,7699273178,12828672,12779520,0.280000,0.270000,2000016,2000016,5e359d09bf1ec9304a3f8a3bc9e83be24c1d9ff7c88fc0bd408f57a9b6db6390,4181ed8bd9fa6830418d98b5bce591a8ca691e0d8ded327b6f9761d0834a4806,379b20d25d569a292d6207954e4c84adb31ca123868aff3a9c64eb6385301bdf
captured-call,5,candidate,7887485788,7699351481,12697600,12845056,0.280000,0.270000,2000016,2000016,5e359d09bf1ec9304a3f8a3bc9e83be24c1d9ff7c88fc0bd408f57a9b6db6390,4181ed8bd9fa6830418d98b5bce591a8ca691e0d8ded327b6f9761d0834a4806,379b20d25d569a292d6207954e4c84adb31ca123868aff3a9c64eb6385301bdf
captured-call,6,baseline,7887069878,7699468473,12713984,12730368,0.280000,0.270000,2000016,2000016,5e359d09bf1ec9304a3f8a3bc9e83be24c1d9ff7c88fc0bd408f57a9b6db6390,4181ed8bd9fa6830418d98b5bce591a8ca691e0d8ded327b6f9761d0834a4806,379b20d25d569a292d6207954e4c84adb31ca123868aff3a9c64eb6385301bdf
captured-call,7,candidate,7887347864,7699333703,12648448,12763136,0.280000,0.270000,2000016,2000016,5e359d09bf1ec9304a3f8a3bc9e83be24c1d9ff7c88fc0bd408f57a9b6db6390,4181ed8bd9fa6830418d98b5bce591a8ca691e0d8ded327b6f9761d0834a4806,379b20d25d569a292d6207954e4c84adb31ca123868aff3a9c64eb6385301bdf
captured-call,8,baseline,7891735375,7699292462,12730368,12894208,0.360000,0.270000,2000016,2000016,5e359d09bf1ec9304a3f8a3bc9e83be24c1d9ff7c88fc0bd408f57a9b6db6390,4181ed8bd9fa6830418d98b5bce591a8ca691e0d8ded327b6f9761d0834a4806,379b20d25d569a292d6207954e4c84adb31ca123868aff3a9c64eb6385301bdf
captured-call,9,candidate,7886967077,7699333399,12681216,12812288,0.280000,0.270000,2000016,2000016,5e359d09bf1ec9304a3f8a3bc9e83be24c1d9ff7c88fc0bd408f57a9b6db6390,4181ed8bd9fa6830418d98b5bce591a8ca691e0d8ded327b6f9761d0834a4806,379b20d25d569a292d6207954e4c84adb31ca123868aff3a9c64eb6385301bdf
captured-call,10,baseline,7887398167,7699804845,12713984,12812288,0.280000,0.270000,2000016,2000016,5e359d09bf1ec9304a3f8a3bc9e83be24c1d9ff7c88fc0bd408f57a9b6db6390,4181ed8bd9fa6830418d98b5bce591a8ca691e0d8ded327b6f9761d0834a4806,379b20d25d569a292d6207954e4c84adb31ca123868aff3a9c64eb6385301bdf
captured-call,11,candidate,7887358215,7699449478,12812288,12861440,0.280000,0.270000,2000016,2000016,5e359d09bf1ec9304a3f8a3bc9e83be24c1d9ff7c88fc0bd408f57a9b6db6390,4181ed8bd9fa6830418d98b5bce591a8ca691e0d8ded327b6f9761d0834a4806,379b20d25d569a292d6207954e4c84adb31ca123868aff3a9c64eb6385301bdf
