pair,binary,real_seconds,max_rss_bytes
1,baseline,10.43,19857408
1,candidate,9.26,19628032
2,candidate,9.38,19709952
2,baseline,10.46,19808256
3,baseline,10.56,19628032
3,candidate,11.54,19775488
4,candidate,9.38,19693568
4,baseline,10.35,19808256
5,baseline,10.62,19759104
5,candidate,11.23,19677184
6,candidate,9.27,19677184
6,baseline,10.55,19791872
7,baseline,11.98,19759104
7,candidate,9.64,19693568
8,candidate,9.30,19529728
8,baseline,10.39,19759104
9,baseline,10.39,19824640
9,candidate,9.29,19611648
10,candidate,9.33,19709952
10,baseline,10.40,19660800
11,baseline,10.39,19759104
11,candidate,9.32,19644416
