fixture,pair,order,baseline_instructions,candidate_instructions,baseline_elapsed_seconds,candidate_elapsed_seconds,baseline_user_seconds,candidate_user_seconds,baseline_max_rss_bytes,candidate_max_rss_bytes
local_store,1,candidate>baseline,9784945347,10875364767,0.58,0.72,0.28,0.33,19775488,20692992
local_store,2,baseline>candidate,9773320770,10861735342,0.27,0.3,0.26,0.3,19791872,19922944
local_store,3,candidate>baseline,9773609546,10861150101,0.27,0.3,0.26,0.29,19791872,19857408
local_store,4,baseline>candidate,9772426213,10862145936,0.27,0.31,0.26,0.31,19857408,19939328
local_store,5,candidate>baseline,9772420264,10863922944,0.27,0.3,0.26,0.3,19841024,19677184
local_store,6,baseline>candidate,9772406233,10861289797,0.27,0.32,0.26,0.32,19775488,19890176
local_store,7,candidate>baseline,9773275925,10861753414,0.27,0.3,0.26,0.3,19759104,19709952
local_store,8,baseline>candidate,9772889743,10861847576,0.27,0.3,0.26,0.3,19890176,19709952
local_store,9,candidate>baseline,9773174994,10861692863,0.27,0.3,0.26,0.3,19742720,19906560
local_store,10,baseline>candidate,9773413172,10861556369,0.27,0.3,0.26,0.3,19808256,19808256
local_store,11,candidate>baseline,9772825418,10861401428,0.27,0.3,0.27,0.3,19857408,19841024
cjs_call,1,candidate>baseline,32504518897,34402717589,1.08,1.17,1.08,1.17,19824640,19857408
cjs_call,2,baseline>candidate,32503766931,34403556472,1.08,1.18,1.07,1.17,19922944,19775488
cjs_call,3,candidate>baseline,32504080153,34403752504,1.09,1.17,1.08,1.17,19939328,19709952
cjs_call,4,baseline>candidate,32504994424,34403635384,1.09,1.17,1.08,1.17,19841024,19922944
cjs_call,5,candidate>baseline,32504936645,34403686325,1.08,1.18,1.08,1.18,19824640,19791872
cjs_call,6,baseline>candidate,32505673239,34403876999,1.08,1.19,1.08,1.19,19808256,19726336
cjs_call,7,candidate>baseline,32504452554,34404546529,1.08,1.19,1.08,1.18,19726336,19660800
cjs_call,8,baseline>candidate,32504207986,34403738924,1.08,1.18,1.08,1.17,19791872,19922944
cjs_call,9,candidate>baseline,32504434251,34403571046,1.08,1.17,1.08,1.17,19791872,19709952
cjs_call,10,baseline>candidate,32504295987,34403416388,1.08,1.19,1.08,1.18,19791872,19857408
cjs_call,11,candidate>baseline,32504083405,34403448578,1.08,1.18,1.08,1.18,19906560,19890176
