pair,first,candidate_instructions,baseline_instructions,candidate_elapsed_seconds,baseline_elapsed_seconds,candidate_sha256,baseline_sha256,fixture_sha256
1,candidate,1071179926,4075829204,0.030000,0.120000,317db04fd285dc2905f3cfc92fab2c0d0e04c6c801a7fbf6b2c7b452538ec0e9,839abc9f707908ca5d944926e0783156997df166123bf911fa036aec0b3fea7d,bc1fbe26bddb20ca140008d9204a05cfbc873d0be6e2569a16aff8354cd31196
2,baseline,1070905042,4075846430,0.030000,0.120000,317db04fd285dc2905f3cfc92fab2c0d0e04c6c801a7fbf6b2c7b452538ec0e9,839abc9f707908ca5d944926e0783156997df166123bf911fa036aec0b3fea7d,bc1fbe26bddb20ca140008d9204a05cfbc873d0be6e2569a16aff8354cd31196
3,candidate,1070753386,4076283505,0.030000,0.130000,317db04fd285dc2905f3cfc92fab2c0d0e04c6c801a7fbf6b2c7b452538ec0e9,839abc9f707908ca5d944926e0783156997df166123bf911fa036aec0b3fea7d,bc1fbe26bddb20ca140008d9204a05cfbc873d0be6e2569a16aff8354cd31196
4,baseline,1070752915,4075390103,0.030000,0.140000,317db04fd285dc2905f3cfc92fab2c0d0e04c6c801a7fbf6b2c7b452538ec0e9,839abc9f707908ca5d944926e0783156997df166123bf911fa036aec0b3fea7d,bc1fbe26bddb20ca140008d9204a05cfbc873d0be6e2569a16aff8354cd31196
5,candidate,1070659535,4075523313,0.030000,0.120000,317db04fd285dc2905f3cfc92fab2c0d0e04c6c801a7fbf6b2c7b452538ec0e9,839abc9f707908ca5d944926e0783156997df166123bf911fa036aec0b3fea7d,bc1fbe26bddb20ca140008d9204a05cfbc873d0be6e2569a16aff8354cd31196
6,baseline,1070596969,4075947325,0.030000,0.130000,317db04fd285dc2905f3cfc92fab2c0d0e04c6c801a7fbf6b2c7b452538ec0e9,839abc9f707908ca5d944926e0783156997df166123bf911fa036aec0b3fea7d,bc1fbe26bddb20ca140008d9204a05cfbc873d0be6e2569a16aff8354cd31196
7,candidate,1070711568,4076038319,0.030000,0.120000,317db04fd285dc2905f3cfc92fab2c0d0e04c6c801a7fbf6b2c7b452538ec0e9,839abc9f707908ca5d944926e0783156997df166123bf911fa036aec0b3fea7d,bc1fbe26bddb20ca140008d9204a05cfbc873d0be6e2569a16aff8354cd31196
8,baseline,1070873763,4075708811,0.030000,0.120000,317db04fd285dc2905f3cfc92fab2c0d0e04c6c801a7fbf6b2c7b452538ec0e9,839abc9f707908ca5d944926e0783156997df166123bf911fa036aec0b3fea7d,bc1fbe26bddb20ca140008d9204a05cfbc873d0be6e2569a16aff8354cd31196
9,candidate,1070677573,4075496474,0.030000,0.140000,317db04fd285dc2905f3cfc92fab2c0d0e04c6c801a7fbf6b2c7b452538ec0e9,839abc9f707908ca5d944926e0783156997df166123bf911fa036aec0b3fea7d,bc1fbe26bddb20ca140008d9204a05cfbc873d0be6e2569a16aff8354cd31196
10,baseline,1070569296,4076070196,0.030000,0.130000,317db04fd285dc2905f3cfc92fab2c0d0e04c6c801a7fbf6b2c7b452538ec0e9,839abc9f707908ca5d944926e0783156997df166123bf911fa036aec0b3fea7d,bc1fbe26bddb20ca140008d9204a05cfbc873d0be6e2569a16aff8354cd31196
11,candidate,1071050356,4075813460,0.030000,0.130000,317db04fd285dc2905f3cfc92fab2c0d0e04c6c801a7fbf6b2c7b452538ec0e9,839abc9f707908ca5d944926e0783156997df166123bf911fa036aec0b3fea7d,bc1fbe26bddb20ca140008d9204a05cfbc873d0be6e2569a16aff8354cd31196
