pair,first,baseline_instructions,candidate_instructions,baseline_elapsed_seconds,candidate_elapsed_seconds,baseline_max_rss_bytes,candidate_max_rss_bytes,baseline_sha256,candidate_sha256,fixture_sha256
1,candidate,9985839515,10744347520,0.580000,0.330000,19791872,19775488,3c9ca59daca63d0d79ea963859cc826a5143a55f636d0216372bc80c33cde869,ffd9f5fb2b41180ce905fb4e8b39dfaef5e86e3075692d90fdd6c102c29b5be8,f6ee2b318578823e134223942530b90fc1506f7435eec7824513ad88f6a9ac2f
2,baseline,9973134193,10743033303,0.270000,0.310000,19808256,19595264,3c9ca59daca63d0d79ea963859cc826a5143a55f636d0216372bc80c33cde869,ffd9f5fb2b41180ce905fb4e8b39dfaef5e86e3075692d90fdd6c102c29b5be8,f6ee2b318578823e134223942530b90fc1506f7435eec7824513ad88f6a9ac2f
3,candidate,9973246980,10742740437,0.270000,0.310000,19808256,19922944,3c9ca59daca63d0d79ea963859cc826a5143a55f636d0216372bc80c33cde869,ffd9f5fb2b41180ce905fb4e8b39dfaef5e86e3075692d90fdd6c102c29b5be8,f6ee2b318578823e134223942530b90fc1506f7435eec7824513ad88f6a9ac2f
4,baseline,9973174035,10742683580,0.270000,0.310000,19808256,19775488,3c9ca59daca63d0d79ea963859cc826a5143a55f636d0216372bc80c33cde869,ffd9f5fb2b41180ce905fb4e8b39dfaef5e86e3075692d90fdd6c102c29b5be8,f6ee2b318578823e134223942530b90fc1506f7435eec7824513ad88f6a9ac2f
5,candidate,9972735851,10743077411,0.270000,0.310000,19841024,19628032,3c9ca59daca63d0d79ea963859cc826a5143a55f636d0216372bc80c33cde869,ffd9f5fb2b41180ce905fb4e8b39dfaef5e86e3075692d90fdd6c102c29b5be8,f6ee2b318578823e134223942530b90fc1506f7435eec7824513ad88f6a9ac2f
6,baseline,9973037250,10742892197,0.270000,0.310000,19791872,19595264,3c9ca59daca63d0d79ea963859cc826a5143a55f636d0216372bc80c33cde869,ffd9f5fb2b41180ce905fb4e8b39dfaef5e86e3075692d90fdd6c102c29b5be8,f6ee2b318578823e134223942530b90fc1506f7435eec7824513ad88f6a9ac2f
7,candidate,9973173485,10742775267,0.270000,0.310000,19824640,19529728,3c9ca59daca63d0d79ea963859cc826a5143a55f636d0216372bc80c33cde869,ffd9f5fb2b41180ce905fb4e8b39dfaef5e86e3075692d90fdd6c102c29b5be8,f6ee2b318578823e134223942530b90fc1506f7435eec7824513ad88f6a9ac2f
8,baseline,9972845305,10742618518,0.270000,0.310000,19791872,19972096,3c9ca59daca63d0d79ea963859cc826a5143a55f636d0216372bc80c33cde869,ffd9f5fb2b41180ce905fb4e8b39dfaef5e86e3075692d90fdd6c102c29b5be8,f6ee2b318578823e134223942530b90fc1506f7435eec7824513ad88f6a9ac2f
9,candidate,9972896091,10742541835,0.270000,0.310000,19824640,19939328,3c9ca59daca63d0d79ea963859cc826a5143a55f636d0216372bc80c33cde869,ffd9f5fb2b41180ce905fb4e8b39dfaef5e86e3075692d90fdd6c102c29b5be8,f6ee2b318578823e134223942530b90fc1506f7435eec7824513ad88f6a9ac2f
10,baseline,9972798346,10743225763,0.270000,0.310000,19906560,19759104,3c9ca59daca63d0d79ea963859cc826a5143a55f636d0216372bc80c33cde869,ffd9f5fb2b41180ce905fb4e8b39dfaef5e86e3075692d90fdd6c102c29b5be8,f6ee2b318578823e134223942530b90fc1506f7435eec7824513ad88f6a9ac2f
11,candidate,9972814110,10743075312,0.270000,0.310000,19660800,19824640,3c9ca59daca63d0d79ea963859cc826a5143a55f636d0216372bc80c33cde869,ffd9f5fb2b41180ce905fb4e8b39dfaef5e86e3075692d90fdd6c102c29b5be8,f6ee2b318578823e134223942530b90fc1506f7435eec7824513ad88f6a9ac2f
