pair,order,baseline_instructions,candidate_instructions,baseline_rss_bytes,candidate_rss_bytes,baseline_elapsed,candidate_elapsed,baseline_user,candidate_user,baseline_system,candidate_system,baseline_stdout_sha256,candidate_stdout_sha256,outputs_match
1,candidate>baseline,230281593129,197663066699,18137088,18219008,8.91,7.53,8.89,7.51,0.02,0.01,e3b0c44298fc1c149afbf4c8996fb92427ae41e4649b934ca495991b7852b855,e3b0c44298fc1c149afbf4c8996fb92427ae41e4649b934ca495991b7852b855,True
2,baseline>candidate,230288977893,197649009859,18087936,18202624,9.06,8.01,9.03,8.0,0.01,0.01,e3b0c44298fc1c149afbf4c8996fb92427ae41e4649b934ca495991b7852b855,e3b0c44298fc1c149afbf4c8996fb92427ae41e4649b934ca495991b7852b855,True
3,candidate>baseline,230283366277,197615848426,18137088,18120704,8.99,7.58,8.96,7.56,0.01,0.01,e3b0c44298fc1c149afbf4c8996fb92427ae41e4649b934ca495991b7852b855,e3b0c44298fc1c149afbf4c8996fb92427ae41e4649b934ca495991b7852b855,True
4,baseline>candidate,230301147908,197637264922,18071552,18284544,8.94,7.59,8.91,7.57,0.02,0.01,e3b0c44298fc1c149afbf4c8996fb92427ae41e4649b934ca495991b7852b855,e3b0c44298fc1c149afbf4c8996fb92427ae41e4649b934ca495991b7852b855,True
5,candidate>baseline,230369928987,197751253236,18055168,18317312,8.99,7.61,8.95,7.58,0.02,0.02,e3b0c44298fc1c149afbf4c8996fb92427ae41e4649b934ca495991b7852b855,e3b0c44298fc1c149afbf4c8996fb92427ae41e4649b934ca495991b7852b855,True
6,baseline>candidate,230290904712,197730018095,18071552,18366464,9.42,7.79,9.4,7.75,0.01,0.02,e3b0c44298fc1c149afbf4c8996fb92427ae41e4649b934ca495991b7852b855,e3b0c44298fc1c149afbf4c8996fb92427ae41e4649b934ca495991b7852b855,True
7,candidate>baseline,230284785708,197630962598,18038784,18251776,8.98,7.54,8.96,7.52,0.02,0.01,e3b0c44298fc1c149afbf4c8996fb92427ae41e4649b934ca495991b7852b855,e3b0c44298fc1c149afbf4c8996fb92427ae41e4649b934ca495991b7852b855,True
8,baseline>candidate,230347896274,197692325838,18153472,18284544,9.45,7.57,9.43,7.55,0.01,0.01,e3b0c44298fc1c149afbf4c8996fb92427ae41e4649b934ca495991b7852b855,e3b0c44298fc1c149afbf4c8996fb92427ae41e4649b934ca495991b7852b855,True
9,candidate>baseline,230290770716,197743717394,18071552,18300928,8.94,7.6,8.92,7.58,0.01,0.01,e3b0c44298fc1c149afbf4c8996fb92427ae41e4649b934ca495991b7852b855,e3b0c44298fc1c149afbf4c8996fb92427ae41e4649b934ca495991b7852b855,True
10,baseline>candidate,230301651335,197700239673,18137088,18317312,8.99,7.64,8.97,7.61,0.02,0.01,e3b0c44298fc1c149afbf4c8996fb92427ae41e4649b934ca495991b7852b855,e3b0c44298fc1c149afbf4c8996fb92427ae41e4649b934ca495991b7852b855,True
11,candidate>baseline,230344262805,197621491225,17907712,18300928,8.97,7.6,8.94,7.58,0.01,0.01,e3b0c44298fc1c149afbf4c8996fb92427ae41e4649b934ca495991b7852b855,e3b0c44298fc1c149afbf4c8996fb92427ae41e4649b934ca495991b7852b855,True
