pair,order,baseline_binary_sha256,candidate_binary_sha256,fixture_sha256,source_diff_sha256,baseline_instructions,baseline_max_rss_bytes,baseline_elapsed_seconds,baseline_user_seconds,baseline_system_seconds,baseline_exit,baseline_stdout_bytes,baseline_stdout_sha256,baseline_stdout,candidate_instructions,candidate_max_rss_bytes,candidate_elapsed_seconds,candidate_user_seconds,candidate_system_seconds,candidate_exit,candidate_stdout_bytes,candidate_stdout_sha256,candidate_stdout,outputs_match
1,candidate>baseline,eabe4cb354506920ef9ef217bcc935403ec49b2d61748b8ff476b0efde334d28,cf3916764bd3b59ac3dcb91bd9787cb31ec01537245eaa785ae1cd9e7d6d1d57,08ef4a8476b48cfbc784a53d205769adf3374e8836ad302d36d251b8bad8d109,2098220c345f5a6df8db0827e207c59237389741c60c55263366ae0c59ad4f27,283105430991,17956864,11.22,11.18,0.03,0,0,e3b0c44298fc1c149afbf4c8996fb92427ae41e4649b934ca495991b7852b855,,230250571168,18087936,9.58,8.94,0.03,0,0,e3b0c44298fc1c149afbf4c8996fb92427ae41e4649b934ca495991b7852b855,,True
2,baseline>candidate,eabe4cb354506920ef9ef217bcc935403ec49b2d61748b8ff476b0efde334d28,cf3916764bd3b59ac3dcb91bd9787cb31ec01537245eaa785ae1cd9e7d6d1d57,08ef4a8476b48cfbc784a53d205769adf3374e8836ad302d36d251b8bad8d109,2098220c345f5a6df8db0827e207c59237389741c60c55263366ae0c59ad4f27,282567464919,18006016,11.12,11.09,0.03,0,0,e3b0c44298fc1c149afbf4c8996fb92427ae41e4649b934ca495991b7852b855,,230294436883,18087936,9.06,9.02,0.02,0,0,e3b0c44298fc1c149afbf4c8996fb92427ae41e4649b934ca495991b7852b855,,True
3,candidate>baseline,eabe4cb354506920ef9ef217bcc935403ec49b2d61748b8ff476b0efde334d28,cf3916764bd3b59ac3dcb91bd9787cb31ec01537245eaa785ae1cd9e7d6d1d57,08ef4a8476b48cfbc784a53d205769adf3374e8836ad302d36d251b8bad8d109,2098220c345f5a6df8db0827e207c59237389741c60c55263366ae0c59ad4f27,282867921534,18055168,13.86,12.59,0.09,0,0,e3b0c44298fc1c149afbf4c8996fb92427ae41e4649b934ca495991b7852b855,,230267959120,18284544,9.42,9.4,0.01,0,0,e3b0c44298fc1c149afbf4c8996fb92427ae41e4649b934ca495991b7852b855,,True
4,baseline>candidate,eabe4cb354506920ef9ef217bcc935403ec49b2d61748b8ff476b0efde334d28,cf3916764bd3b59ac3dcb91bd9787cb31ec01537245eaa785ae1cd9e7d6d1d57,08ef4a8476b48cfbc784a53d205769adf3374e8836ad302d36d251b8bad8d109,2098220c345f5a6df8db0827e207c59237389741c60c55263366ae0c59ad4f27,282783622647,17956864,11.19,11.16,0.02,0,0,e3b0c44298fc1c149afbf4c8996fb92427ae41e4649b934ca495991b7852b855,,230286516695,18071552,8.91,8.89,0.01,0,0,e3b0c44298fc1c149afbf4c8996fb92427ae41e4649b934ca495991b7852b855,,True
5,candidate>baseline,eabe4cb354506920ef9ef217bcc935403ec49b2d61748b8ff476b0efde334d28,cf3916764bd3b59ac3dcb91bd9787cb31ec01537245eaa785ae1cd9e7d6d1d57,08ef4a8476b48cfbc784a53d205769adf3374e8836ad302d36d251b8bad8d109,2098220c345f5a6df8db0827e207c59237389741c60c55263366ae0c59ad4f27,282558096622,17973248,11.15,11.13,0.02,0,0,e3b0c44298fc1c149afbf4c8996fb92427ae41e4649b934ca495991b7852b855,,230303904336,18153472,8.9,8.88,0.01,0,0,e3b0c44298fc1c149afbf4c8996fb92427ae41e4649b934ca495991b7852b855,,True
6,baseline>candidate,eabe4cb354506920ef9ef217bcc935403ec49b2d61748b8ff476b0efde334d28,cf3916764bd3b59ac3dcb91bd9787cb31ec01537245eaa785ae1cd9e7d6d1d57,08ef4a8476b48cfbc784a53d205769adf3374e8836ad302d36d251b8bad8d109,2098220c345f5a6df8db0827e207c59237389741c60c55263366ae0c59ad4f27,282563679082,18071552,11.07,11.04,0.02,0,0,e3b0c44298fc1c149afbf4c8996fb92427ae41e4649b934ca495991b7852b855,,230256774476,18137088,8.9,8.87,0.01,0,0,e3b0c44298fc1c149afbf4c8996fb92427ae41e4649b934ca495991b7852b855,,True
7,candidate>baseline,eabe4cb354506920ef9ef217bcc935403ec49b2d61748b8ff476b0efde334d28,cf3916764bd3b59ac3dcb91bd9787cb31ec01537245eaa785ae1cd9e7d6d1d57,08ef4a8476b48cfbc784a53d205769adf3374e8836ad302d36d251b8bad8d109,2098220c345f5a6df8db0827e207c59237389741c60c55263366ae0c59ad4f27,282690003789,18022400,11.04,11.02,0.02,0,0,e3b0c44298fc1c149afbf4c8996fb92427ae41e4649b934ca495991b7852b855,,230319177517,18104320,8.91,8.88,0.02,0,0,e3b0c44298fc1c149afbf4c8996fb92427ae41e4649b934ca495991b7852b855,,True
8,baseline>candidate,eabe4cb354506920ef9ef217bcc935403ec49b2d61748b8ff476b0efde334d28,cf3916764bd3b59ac3dcb91bd9787cb31ec01537245eaa785ae1cd9e7d6d1d57,08ef4a8476b48cfbc784a53d205769adf3374e8836ad302d36d251b8bad8d109,2098220c345f5a6df8db0827e207c59237389741c60c55263366ae0c59ad4f27,283107087873,17973248,11.2,11.17,0.02,0,0,e3b0c44298fc1c149afbf4c8996fb92427ae41e4649b934ca495991b7852b855,,230345510039,17956864,8.98,8.95,0.02,0,0,e3b0c44298fc1c149afbf4c8996fb92427ae41e4649b934ca495991b7852b855,,True
9,candidate>baseline,eabe4cb354506920ef9ef217bcc935403ec49b2d61748b8ff476b0efde334d28,cf3916764bd3b59ac3dcb91bd9787cb31ec01537245eaa785ae1cd9e7d6d1d57,08ef4a8476b48cfbc784a53d205769adf3374e8836ad302d36d251b8bad8d109,2098220c345f5a6df8db0827e207c59237389741c60c55263366ae0c59ad4f27,282765021690,17924096,11.18,11.15,0.02,0,0,e3b0c44298fc1c149afbf4c8996fb92427ae41e4649b934ca495991b7852b855,,230278725593,18055168,8.94,8.91,0.01,0,0,e3b0c44298fc1c149afbf4c8996fb92427ae41e4649b934ca495991b7852b855,,True
10,baseline>candidate,eabe4cb354506920ef9ef217bcc935403ec49b2d61748b8ff476b0efde334d28,cf3916764bd3b59ac3dcb91bd9787cb31ec01537245eaa785ae1cd9e7d6d1d57,08ef4a8476b48cfbc784a53d205769adf3374e8836ad302d36d251b8bad8d109,2098220c345f5a6df8db0827e207c59237389741c60c55263366ae0c59ad4f27,282560721611,18071552,11.1,11.08,0.02,0,0,e3b0c44298fc1c149afbf4c8996fb92427ae41e4649b934ca495991b7852b855,,230297620797,18120704,8.86,8.84,0.01,0,0,e3b0c44298fc1c149afbf4c8996fb92427ae41e4649b934ca495991b7852b855,,True
11,candidate>baseline,eabe4cb354506920ef9ef217bcc935403ec49b2d61748b8ff476b0efde334d28,cf3916764bd3b59ac3dcb91bd9787cb31ec01537245eaa785ae1cd9e7d6d1d57,08ef4a8476b48cfbc784a53d205769adf3374e8836ad302d36d251b8bad8d109,2098220c345f5a6df8db0827e207c59237389741c60c55263366ae0c59ad4f27,283119588899,17907712,11.23,11.2,0.02,0,0,e3b0c44298fc1c149afbf4c8996fb92427ae41e4649b934ca495991b7852b855,,230297076012,18104320,8.95,8.93,0.02,0,0,e3b0c44298fc1c149afbf4c8996fb92427ae41e4649b934ca495991b7852b855,,True
