case,pair,first,baseline_instructions,candidate_instructions,baseline_elapsed_seconds,candidate_elapsed_seconds,baseline_stdout,candidate_stdout,baseline_sha256,candidate_sha256,fixture_sha256
dense-literal,1,candidate,256176856988,41755743072,10.020000,1.260000,1252000,1252000,5b954f7930e4b15c12c70629c804c9b5aed13d41ed063781c7ddabcda506d6bd,5e359d09bf1ec9304a3f8a3bc9e83be24c1d9ff7c88fc0bd408f57a9b6db6390,a2b126fd4f24f61f3861a412efd3c2707248ed81d557abadf4f86bd25ddec3a0
dense-literal,2,baseline,256179413027,41753276119,10.090000,1.270000,1252000,1252000,5b954f7930e4b15c12c70629c804c9b5aed13d41ed063781c7ddabcda506d6bd,5e359d09bf1ec9304a3f8a3bc9e83be24c1d9ff7c88fc0bd408f57a9b6db6390,a2b126fd4f24f61f3861a412efd3c2707248ed81d557abadf4f86bd25ddec3a0
dense-literal,3,candidate,256170733010,41754096465,10.190000,1.260000,1252000,1252000,5b954f7930e4b15c12c70629c804c9b5aed13d41ed063781c7ddabcda506d6bd,5e359d09bf1ec9304a3f8a3bc9e83be24c1d9ff7c88fc0bd408f57a9b6db6390,a2b126fd4f24f61f3861a412efd3c2707248ed81d557abadf4f86bd25ddec3a0
dense-literal,4,baseline,256169273922,41754261569,10.200000,1.270000,1252000,1252000,5b954f7930e4b15c12c70629c804c9b5aed13d41ed063781c7ddabcda506d6bd,5e359d09bf1ec9304a3f8a3bc9e83be24c1d9ff7c88fc0bd408f57a9b6db6390,a2b126fd4f24f61f3861a412efd3c2707248ed81d557abadf4f86bd25ddec3a0
dense-literal,5,candidate,256165321535,41754648424,10.160000,1.280000,1252000,1252000,5b954f7930e4b15c12c70629c804c9b5aed13d41ed063781c7ddabcda506d6bd,5e359d09bf1ec9304a3f8a3bc9e83be24c1d9ff7c88fc0bd408f57a9b6db6390,a2b126fd4f24f61f3861a412efd3c2707248ed81d557abadf4f86bd25ddec3a0
dense-literal,6,baseline,256183065623,41752371886,10.160000,1.260000,1252000,1252000,5b954f7930e4b15c12c70629c804c9b5aed13d41ed063781c7ddabcda506d6bd,5e359d09bf1ec9304a3f8a3bc9e83be24c1d9ff7c88fc0bd408f57a9b6db6390,a2b126fd4f24f61f3861a412efd3c2707248ed81d557abadf4f86bd25ddec3a0
dense-literal,7,candidate,256193848891,41753705371,10.110000,1.290000,1252000,1252000,5b954f7930e4b15c12c70629c804c9b5aed13d41ed063781c7ddabcda506d6bd,5e359d09bf1ec9304a3f8a3bc9e83be24c1d9ff7c88fc0bd408f57a9b6db6390,a2b126fd4f24f61f3861a412efd3c2707248ed81d557abadf4f86bd25ddec3a0
dense-literal,8,baseline,256168388281,41752490074,10.180000,1.270000,1252000,1252000,5b954f7930e4b15c12c70629c804c9b5aed13d41ed063781c7ddabcda506d6bd,5e359d09bf1ec9304a3f8a3bc9e83be24c1d9ff7c88fc0bd408f57a9b6db6390,a2b126fd4f24f61f3861a412efd3c2707248ed81d557abadf4f86bd25ddec3a0
dense-literal,9,candidate,256180647795,41754222634,10.810000,1.280000,1252000,1252000,5b954f7930e4b15c12c70629c804c9b5aed13d41ed063781c7ddabcda506d6bd,5e359d09bf1ec9304a3f8a3bc9e83be24c1d9ff7c88fc0bd408f57a9b6db6390,a2b126fd4f24f61f3861a412efd3c2707248ed81d557abadf4f86bd25ddec3a0
dense-literal,10,baseline,256175962534,41753876412,10.090000,1.280000,1252000,1252000,5b954f7930e4b15c12c70629c804c9b5aed13d41ed063781c7ddabcda506d6bd,5e359d09bf1ec9304a3f8a3bc9e83be24c1d9ff7c88fc0bd408f57a9b6db6390,a2b126fd4f24f61f3861a412efd3c2707248ed81d557abadf4f86bd25ddec3a0
dense-literal,11,candidate,256178711100,41752476535,10.170000,1.280000,1252000,1252000,5b954f7930e4b15c12c70629c804c9b5aed13d41ed063781c7ddabcda506d6bd,5e359d09bf1ec9304a3f8a3bc9e83be24c1d9ff7c88fc0bd408f57a9b6db6390,a2b126fd4f24f61f3861a412efd3c2707248ed81d557abadf4f86bd25ddec3a0
new-array-filled,1,candidate,262223103409,150617472262,10.340000,5.650000,1252000,1252000,5b954f7930e4b15c12c70629c804c9b5aed13d41ed063781c7ddabcda506d6bd,5e359d09bf1ec9304a3f8a3bc9e83be24c1d9ff7c88fc0bd408f57a9b6db6390,d135a238bc9060f5a554a86cd95c9dc5cbf39a04106c2f53e280918fe292fff0
new-array-filled,2,baseline,262222566096,150791307940,10.300000,5.730000,1252000,1252000,5b954f7930e4b15c12c70629c804c9b5aed13d41ed063781c7ddabcda506d6bd,5e359d09bf1ec9304a3f8a3bc9e83be24c1d9ff7c88fc0bd408f57a9b6db6390,d135a238bc9060f5a554a86cd95c9dc5cbf39a04106c2f53e280918fe292fff0
new-array-filled,3,candidate,262223495737,150549455219,10.350000,5.710000,1252000,1252000,5b954f7930e4b15c12c70629c804c9b5aed13d41ed063781c7ddabcda506d6bd,5e359d09bf1ec9304a3f8a3bc9e83be24c1d9ff7c88fc0bd408f57a9b6db6390,d135a238bc9060f5a554a86cd95c9dc5cbf39a04106c2f53e280918fe292fff0
new-array-filled,4,baseline,262213329831,150617685217,10.410000,5.680000,1252000,1252000,5b954f7930e4b15c12c70629c804c9b5aed13d41ed063781c7ddabcda506d6bd,5e359d09bf1ec9304a3f8a3bc9e83be24c1d9ff7c88fc0bd408f57a9b6db6390,d135a238bc9060f5a554a86cd95c9dc5cbf39a04106c2f53e280918fe292fff0
new-array-filled,5,candidate,262806643540,150568669378,10.400000,5.690000,1252000,1252000,5b954f7930e4b15c12c70629c804c9b5aed13d41ed063781c7ddabcda506d6bd,5e359d09bf1ec9304a3f8a3bc9e83be24c1d9ff7c88fc0bd408f57a9b6db6390,d135a238bc9060f5a554a86cd95c9dc5cbf39a04106c2f53e280918fe292fff0
new-array-filled,6,baseline,262207314747,150530055200,10.330000,5.700000,1252000,1252000,5b954f7930e4b15c12c70629c804c9b5aed13d41ed063781c7ddabcda506d6bd,5e359d09bf1ec9304a3f8a3bc9e83be24c1d9ff7c88fc0bd408f57a9b6db6390,d135a238bc9060f5a554a86cd95c9dc5cbf39a04106c2f53e280918fe292fff0
new-array-filled,7,candidate,262136156579,150612219312,10.370000,5.690000,1252000,1252000,5b954f7930e4b15c12c70629c804c9b5aed13d41ed063781c7ddabcda506d6bd,5e359d09bf1ec9304a3f8a3bc9e83be24c1d9ff7c88fc0bd408f57a9b6db6390,d135a238bc9060f5a554a86cd95c9dc5cbf39a04106c2f53e280918fe292fff0
new-array-filled,8,baseline,262215659514,150609742973,10.350000,5.700000,1252000,1252000,5b954f7930e4b15c12c70629c804c9b5aed13d41ed063781c7ddabcda506d6bd,5e359d09bf1ec9304a3f8a3bc9e83be24c1d9ff7c88fc0bd408f57a9b6db6390,d135a238bc9060f5a554a86cd95c9dc5cbf39a04106c2f53e280918fe292fff0
new-array-filled,9,candidate,262208306204,150548928870,10.370000,5.680000,1252000,1252000,5b954f7930e4b15c12c70629c804c9b5aed13d41ed063781c7ddabcda506d6bd,5e359d09bf1ec9304a3f8a3bc9e83be24c1d9ff7c88fc0bd408f57a9b6db6390,d135a238bc9060f5a554a86cd95c9dc5cbf39a04106c2f53e280918fe292fff0
new-array-filled,10,baseline,262156750550,150618559951,10.360000,5.700000,1252000,1252000,5b954f7930e4b15c12c70629c804c9b5aed13d41ed063781c7ddabcda506d6bd,5e359d09bf1ec9304a3f8a3bc9e83be24c1d9ff7c88fc0bd408f57a9b6db6390,d135a238bc9060f5a554a86cd95c9dc5cbf39a04106c2f53e280918fe292fff0
new-array-filled,11,candidate,262219870092,150548670663,10.380000,5.670000,1252000,1252000,5b954f7930e4b15c12c70629c804c9b5aed13d41ed063781c7ddabcda506d6bd,5e359d09bf1ec9304a3f8a3bc9e83be24c1d9ff7c88fc0bd408f57a9b6db6390,d135a238bc9060f5a554a86cd95c9dc5cbf39a04106c2f53e280918fe292fff0
