pair,order,baseline_instructions,baseline_max_rss_bytes,baseline_elapsed_seconds,baseline_user_seconds,baseline_system_seconds,baseline_exit,baseline_stdout_bytes,baseline_stdout_sha256,candidate_instructions,candidate_max_rss_bytes,candidate_elapsed_seconds,candidate_user_seconds,candidate_system_seconds,candidate_exit,candidate_stdout_bytes,candidate_stdout_sha256,outputs_match
1,candidate>baseline,323246462565,23986176,13.13,13.07,0.03,0,0,e3b0c44298fc1c149afbf4c8996fb92427ae41e4649b934ca495991b7852b855,282711288283,18202624,11.66,10.95,0.04,0,0,e3b0c44298fc1c149afbf4c8996fb92427ae41e4649b934ca495991b7852b855,True
2,baseline>candidate,323202010300,22872064,13.06,13.02,0.03,0,0,e3b0c44298fc1c149afbf4c8996fb92427ae41e4649b934ca495991b7852b855,282573142612,18022400,11.05,11.02,0.02,0,0,e3b0c44298fc1c149afbf4c8996fb92427ae41e4649b934ca495991b7852b855,True
3,candidate>baseline,323591950382,24117248,14.04,13.89,0.05,0,0,e3b0c44298fc1c149afbf4c8996fb92427ae41e4649b934ca495991b7852b855,282900039429,17891328,11.54,11.38,0.09,0,0,e3b0c44298fc1c149afbf4c8996fb92427ae41e4649b934ca495991b7852b855,True
4,baseline>candidate,323220837385,25051136,13.81,13.7,0.06,0,0,e3b0c44298fc1c149afbf4c8996fb92427ae41e4649b934ca495991b7852b855,282829840499,17989632,11.26,11.19,0.03,0,0,e3b0c44298fc1c149afbf4c8996fb92427ae41e4649b934ca495991b7852b855,True
5,candidate>baseline,323448186604,24330240,13.45,13.37,0.04,0,0,e3b0c44298fc1c149afbf4c8996fb92427ae41e4649b934ca495991b7852b855,283937521992,17842176,12.53,11.89,0.25,0,0,e3b0c44298fc1c149afbf4c8996fb92427ae41e4649b934ca495991b7852b855,True
6,baseline>candidate,322899903428,24035328,13.34,13.3,0.03,0,0,e3b0c44298fc1c149afbf4c8996fb92427ae41e4649b934ca495991b7852b855,282603562798,18120704,11.15,11.12,0.02,0,0,e3b0c44298fc1c149afbf4c8996fb92427ae41e4649b934ca495991b7852b855,True
7,candidate>baseline,323223118892,22970368,13.25,13.16,0.04,0,0,e3b0c44298fc1c149afbf4c8996fb92427ae41e4649b934ca495991b7852b855,283112817688,18006016,11.2,11.16,0.02,0,0,e3b0c44298fc1c149afbf4c8996fb92427ae41e4649b934ca495991b7852b855,True
8,baseline>candidate,325770342589,23740416,13.65,13.4,0.23,0,0,e3b0c44298fc1c149afbf4c8996fb92427ae41e4649b934ca495991b7852b855,282609265585,18104320,11.62,11.55,0.04,0,0,e3b0c44298fc1c149afbf4c8996fb92427ae41e4649b934ca495991b7852b855,True
9,candidate>baseline,323376367408,24002560,13.23,13.19,0.03,0,0,e3b0c44298fc1c149afbf4c8996fb92427ae41e4649b934ca495991b7852b855,283119088287,18022400,11.29,11.25,0.03,0,0,e3b0c44298fc1c149afbf4c8996fb92427ae41e4649b934ca495991b7852b855,True
10,baseline>candidate,323415004891,22544384,13.23,13.2,0.04,0,0,e3b0c44298fc1c149afbf4c8996fb92427ae41e4649b934ca495991b7852b855,283077874578,17940480,11.22,11.2,0.02,0,0,e3b0c44298fc1c149afbf4c8996fb92427ae41e4649b934ca495991b7852b855,True
11,candidate>baseline,323148253932,23887872,13.27,13.24,0.02,0,0,e3b0c44298fc1c149afbf4c8996fb92427ae41e4649b934ca495991b7852b855,282691038802,17989632,11.07,11.04,0.02,0,0,e3b0c44298fc1c149afbf4c8996fb92427ae41e4649b934ca495991b7852b855,True
