case,pair,first,baseline_instructions,candidate_instructions,baseline_elapsed_seconds,candidate_elapsed_seconds,baseline_sha256,candidate_sha256,fixture_sha256
dense-literal,1,candidate,2211914837,2213388341,0.070000,0.070000,39d659d9f825731d0d5052aa8e6a30437c8c070f8b2a28805f81631244c87439,5b954f7930e4b15c12c70629c804c9b5aed13d41ed063781c7ddabcda506d6bd,1d6aa5a5574375c236cb826359e258244a307247dcbc9833249c60c6eb9fb68f
dense-literal,2,baseline,2211595337,2213381156,0.060000,0.070000,39d659d9f825731d0d5052aa8e6a30437c8c070f8b2a28805f81631244c87439,5b954f7930e4b15c12c70629c804c9b5aed13d41ed063781c7ddabcda506d6bd,1d6aa5a5574375c236cb826359e258244a307247dcbc9833249c60c6eb9fb68f
dense-literal,3,candidate,2211519920,2213352406,0.070000,0.070000,39d659d9f825731d0d5052aa8e6a30437c8c070f8b2a28805f81631244c87439,5b954f7930e4b15c12c70629c804c9b5aed13d41ed063781c7ddabcda506d6bd,1d6aa5a5574375c236cb826359e258244a307247dcbc9833249c60c6eb9fb68f
dense-literal,4,baseline,2211785763,2213246722,0.070000,0.070000,39d659d9f825731d0d5052aa8e6a30437c8c070f8b2a28805f81631244c87439,5b954f7930e4b15c12c70629c804c9b5aed13d41ed063781c7ddabcda506d6bd,1d6aa5a5574375c236cb826359e258244a307247dcbc9833249c60c6eb9fb68f
dense-literal,5,candidate,2212007000,2214444360,0.070000,0.070000,39d659d9f825731d0d5052aa8e6a30437c8c070f8b2a28805f81631244c87439,5b954f7930e4b15c12c70629c804c9b5aed13d41ed063781c7ddabcda506d6bd,1d6aa5a5574375c236cb826359e258244a307247dcbc9833249c60c6eb9fb68f
dense-literal,6,baseline,2213243408,2213175668,0.070000,0.070000,39d659d9f825731d0d5052aa8e6a30437c8c070f8b2a28805f81631244c87439,5b954f7930e4b15c12c70629c804c9b5aed13d41ed063781c7ddabcda506d6bd,1d6aa5a5574375c236cb826359e258244a307247dcbc9833249c60c6eb9fb68f
dense-literal,7,candidate,2211848566,2213336073,0.070000,0.070000,39d659d9f825731d0d5052aa8e6a30437c8c070f8b2a28805f81631244c87439,5b954f7930e4b15c12c70629c804c9b5aed13d41ed063781c7ddabcda506d6bd,1d6aa5a5574375c236cb826359e258244a307247dcbc9833249c60c6eb9fb68f
dense-literal,8,baseline,2211571298,2214477562,0.070000,0.070000,39d659d9f825731d0d5052aa8e6a30437c8c070f8b2a28805f81631244c87439,5b954f7930e4b15c12c70629c804c9b5aed13d41ed063781c7ddabcda506d6bd,1d6aa5a5574375c236cb826359e258244a307247dcbc9833249c60c6eb9fb68f
dense-literal,9,candidate,2211672602,2214620341,0.070000,0.070000,39d659d9f825731d0d5052aa8e6a30437c8c070f8b2a28805f81631244c87439,5b954f7930e4b15c12c70629c804c9b5aed13d41ed063781c7ddabcda506d6bd,1d6aa5a5574375c236cb826359e258244a307247dcbc9833249c60c6eb9fb68f
dense-literal,10,baseline,2213264559,2214612896,0.070000,0.070000,39d659d9f825731d0d5052aa8e6a30437c8c070f8b2a28805f81631244c87439,5b954f7930e4b15c12c70629c804c9b5aed13d41ed063781c7ddabcda506d6bd,1d6aa5a5574375c236cb826359e258244a307247dcbc9833249c60c6eb9fb68f
dense-literal,11,candidate,2211524996,2214610223,0.070000,0.070000,39d659d9f825731d0d5052aa8e6a30437c8c070f8b2a28805f81631244c87439,5b954f7930e4b15c12c70629c804c9b5aed13d41ed063781c7ddabcda506d6bd,1d6aa5a5574375c236cb826359e258244a307247dcbc9833249c60c6eb9fb68f
new-array-filled,1,candidate,10796314212,2403722495,0.430000,0.080000,39d659d9f825731d0d5052aa8e6a30437c8c070f8b2a28805f81631244c87439,5b954f7930e4b15c12c70629c804c9b5aed13d41ed063781c7ddabcda506d6bd,9dfe903b1dfccabfbb6505b6bc409a888b583a2d211d412b0a5f4a3b76a0e214
new-array-filled,2,baseline,10787183661,2402284590,0.420000,0.080000,39d659d9f825731d0d5052aa8e6a30437c8c070f8b2a28805f81631244c87439,5b954f7930e4b15c12c70629c804c9b5aed13d41ed063781c7ddabcda506d6bd,9dfe903b1dfccabfbb6505b6bc409a888b583a2d211d412b0a5f4a3b76a0e214
new-array-filled,3,candidate,10792117735,2403489658,0.420000,0.080000,39d659d9f825731d0d5052aa8e6a30437c8c070f8b2a28805f81631244c87439,5b954f7930e4b15c12c70629c804c9b5aed13d41ed063781c7ddabcda506d6bd,9dfe903b1dfccabfbb6505b6bc409a888b583a2d211d412b0a5f4a3b76a0e214
new-array-filled,4,baseline,10796437450,2403508817,0.430000,0.080000,39d659d9f825731d0d5052aa8e6a30437c8c070f8b2a28805f81631244c87439,5b954f7930e4b15c12c70629c804c9b5aed13d41ed063781c7ddabcda506d6bd,9dfe903b1dfccabfbb6505b6bc409a888b583a2d211d412b0a5f4a3b76a0e214
new-array-filled,5,candidate,10795592323,2403553068,0.430000,0.080000,39d659d9f825731d0d5052aa8e6a30437c8c070f8b2a28805f81631244c87439,5b954f7930e4b15c12c70629c804c9b5aed13d41ed063781c7ddabcda506d6bd,9dfe903b1dfccabfbb6505b6bc409a888b583a2d211d412b0a5f4a3b76a0e214
new-array-filled,6,baseline,10793551123,2403543485,0.430000,0.080000,39d659d9f825731d0d5052aa8e6a30437c8c070f8b2a28805f81631244c87439,5b954f7930e4b15c12c70629c804c9b5aed13d41ed063781c7ddabcda506d6bd,9dfe903b1dfccabfbb6505b6bc409a888b583a2d211d412b0a5f4a3b76a0e214
new-array-filled,7,candidate,10793674624,2403693686,0.430000,0.080000,39d659d9f825731d0d5052aa8e6a30437c8c070f8b2a28805f81631244c87439,5b954f7930e4b15c12c70629c804c9b5aed13d41ed063781c7ddabcda506d6bd,9dfe903b1dfccabfbb6505b6bc409a888b583a2d211d412b0a5f4a3b76a0e214
new-array-filled,8,baseline,10795343004,2403623071,0.430000,0.080000,39d659d9f825731d0d5052aa8e6a30437c8c070f8b2a28805f81631244c87439,5b954f7930e4b15c12c70629c804c9b5aed13d41ed063781c7ddabcda506d6bd,9dfe903b1dfccabfbb6505b6bc409a888b583a2d211d412b0a5f4a3b76a0e214
new-array-filled,9,candidate,10793793607,2402425817,0.420000,0.080000,39d659d9f825731d0d5052aa8e6a30437c8c070f8b2a28805f81631244c87439,5b954f7930e4b15c12c70629c804c9b5aed13d41ed063781c7ddabcda506d6bd,9dfe903b1dfccabfbb6505b6bc409a888b583a2d211d412b0a5f4a3b76a0e214
new-array-filled,10,baseline,10795242647,2402324575,0.430000,0.080000,39d659d9f825731d0d5052aa8e6a30437c8c070f8b2a28805f81631244c87439,5b954f7930e4b15c12c70629c804c9b5aed13d41ed063781c7ddabcda506d6bd,9dfe903b1dfccabfbb6505b6bc409a888b583a2d211d412b0a5f4a3b76a0e214
new-array-filled,11,candidate,10794286528,2403706255,0.420000,0.080000,39d659d9f825731d0d5052aa8e6a30437c8c070f8b2a28805f81631244c87439,5b954f7930e4b15c12c70629c804c9b5aed13d41ed063781c7ddabcda506d6bd,9dfe903b1dfccabfbb6505b6bc409a888b583a2d211d412b0a5f4a3b76a0e214
single-push-filled,1,candidate,9794473662,2397539978,0.380000,0.080000,39d659d9f825731d0d5052aa8e6a30437c8c070f8b2a28805f81631244c87439,5b954f7930e4b15c12c70629c804c9b5aed13d41ed063781c7ddabcda506d6bd,756a51cdefd34ef9fe232ef08d3da2562f99dda6b18f07c2f3b97711592a2daa
single-push-filled,2,baseline,9798095536,2398843247,0.390000,0.080000,39d659d9f825731d0d5052aa8e6a30437c8c070f8b2a28805f81631244c87439,5b954f7930e4b15c12c70629c804c9b5aed13d41ed063781c7ddabcda506d6bd,756a51cdefd34ef9fe232ef08d3da2562f99dda6b18f07c2f3b97711592a2daa
single-push-filled,3,candidate,9797676691,2398994098,0.390000,0.080000,39d659d9f825731d0d5052aa8e6a30437c8c070f8b2a28805f81631244c87439,5b954f7930e4b15c12c70629c804c9b5aed13d41ed063781c7ddabcda506d6bd,756a51cdefd34ef9fe232ef08d3da2562f99dda6b18f07c2f3b97711592a2daa
single-push-filled,4,baseline,9801223503,2397056516,0.390000,0.080000,39d659d9f825731d0d5052aa8e6a30437c8c070f8b2a28805f81631244c87439,5b954f7930e4b15c12c70629c804c9b5aed13d41ed063781c7ddabcda506d6bd,756a51cdefd34ef9fe232ef08d3da2562f99dda6b18f07c2f3b97711592a2daa
single-push-filled,5,candidate,9800318618,2398935201,0.390000,0.080000,39d659d9f825731d0d5052aa8e6a30437c8c070f8b2a28805f81631244c87439,5b954f7930e4b15c12c70629c804c9b5aed13d41ed063781c7ddabcda506d6bd,756a51cdefd34ef9fe232ef08d3da2562f99dda6b18f07c2f3b97711592a2daa
single-push-filled,6,baseline,9800834844,2397522848,0.380000,0.080000,39d659d9f825731d0d5052aa8e6a30437c8c070f8b2a28805f81631244c87439,5b954f7930e4b15c12c70629c804c9b5aed13d41ed063781c7ddabcda506d6bd,756a51cdefd34ef9fe232ef08d3da2562f99dda6b18f07c2f3b97711592a2daa
single-push-filled,7,candidate,9796345921,2399079784,0.390000,0.080000,39d659d9f825731d0d5052aa8e6a30437c8c070f8b2a28805f81631244c87439,5b954f7930e4b15c12c70629c804c9b5aed13d41ed063781c7ddabcda506d6bd,756a51cdefd34ef9fe232ef08d3da2562f99dda6b18f07c2f3b97711592a2daa
single-push-filled,8,baseline,9800694340,2399096967,0.380000,0.080000,39d659d9f825731d0d5052aa8e6a30437c8c070f8b2a28805f81631244c87439,5b954f7930e4b15c12c70629c804c9b5aed13d41ed063781c7ddabcda506d6bd,756a51cdefd34ef9fe232ef08d3da2562f99dda6b18f07c2f3b97711592a2daa
single-push-filled,9,candidate,9802226474,2398964231,0.400000,0.080000,39d659d9f825731d0d5052aa8e6a30437c8c070f8b2a28805f81631244c87439,5b954f7930e4b15c12c70629c804c9b5aed13d41ed063781c7ddabcda506d6bd,756a51cdefd34ef9fe232ef08d3da2562f99dda6b18f07c2f3b97711592a2daa
single-push-filled,10,baseline,9799326012,2398688054,0.380000,0.080000,39d659d9f825731d0d5052aa8e6a30437c8c070f8b2a28805f81631244c87439,5b954f7930e4b15c12c70629c804c9b5aed13d41ed063781c7ddabcda506d6bd,756a51cdefd34ef9fe232ef08d3da2562f99dda6b18f07c2f3b97711592a2daa
single-push-filled,11,candidate,9800723621,2398875425,0.390000,0.080000,39d659d9f825731d0d5052aa8e6a30437c8c070f8b2a28805f81631244c87439,5b954f7930e4b15c12c70629c804c9b5aed13d41ed063781c7ddabcda506d6bd,756a51cdefd34ef9fe232ef08d3da2562f99dda6b18f07c2f3b97711592a2daa
length-setter-filled,1,candidate,10790993972,2399729865,0.420000,0.080000,39d659d9f825731d0d5052aa8e6a30437c8c070f8b2a28805f81631244c87439,5b954f7930e4b15c12c70629c804c9b5aed13d41ed063781c7ddabcda506d6bd,74536215b51c9f6c6f53a0f047fd34dd03ef7443075a09d10a6c6b1001bb087d
length-setter-filled,2,baseline,10789786481,2400794213,0.420000,0.080000,39d659d9f825731d0d5052aa8e6a30437c8c070f8b2a28805f81631244c87439,5b954f7930e4b15c12c70629c804c9b5aed13d41ed063781c7ddabcda506d6bd,74536215b51c9f6c6f53a0f047fd34dd03ef7443075a09d10a6c6b1001bb087d
length-setter-filled,3,candidate,10790700391,2399764552,0.420000,0.080000,39d659d9f825731d0d5052aa8e6a30437c8c070f8b2a28805f81631244c87439,5b954f7930e4b15c12c70629c804c9b5aed13d41ed063781c7ddabcda506d6bd,74536215b51c9f6c6f53a0f047fd34dd03ef7443075a09d10a6c6b1001bb087d
length-setter-filled,4,baseline,10788616632,2399528770,0.420000,0.080000,39d659d9f825731d0d5052aa8e6a30437c8c070f8b2a28805f81631244c87439,5b954f7930e4b15c12c70629c804c9b5aed13d41ed063781c7ddabcda506d6bd,74536215b51c9f6c6f53a0f047fd34dd03ef7443075a09d10a6c6b1001bb087d
length-setter-filled,5,candidate,10792033762,2399676981,0.430000,0.080000,39d659d9f825731d0d5052aa8e6a30437c8c070f8b2a28805f81631244c87439,5b954f7930e4b15c12c70629c804c9b5aed13d41ed063781c7ddabcda506d6bd,74536215b51c9f6c6f53a0f047fd34dd03ef7443075a09d10a6c6b1001bb087d
length-setter-filled,6,baseline,10785540836,2400758991,0.420000,0.080000,39d659d9f825731d0d5052aa8e6a30437c8c070f8b2a28805f81631244c87439,5b954f7930e4b15c12c70629c804c9b5aed13d41ed063781c7ddabcda506d6bd,74536215b51c9f6c6f53a0f047fd34dd03ef7443075a09d10a6c6b1001bb087d
length-setter-filled,7,candidate,10789705942,2399554665,0.420000,0.080000,39d659d9f825731d0d5052aa8e6a30437c8c070f8b2a28805f81631244c87439,5b954f7930e4b15c12c70629c804c9b5aed13d41ed063781c7ddabcda506d6bd,74536215b51c9f6c6f53a0f047fd34dd03ef7443075a09d10a6c6b1001bb087d
length-setter-filled,8,baseline,10784351860,2400915299,0.420000,0.080000,39d659d9f825731d0d5052aa8e6a30437c8c070f8b2a28805f81631244c87439,5b954f7930e4b15c12c70629c804c9b5aed13d41ed063781c7ddabcda506d6bd,74536215b51c9f6c6f53a0f047fd34dd03ef7443075a09d10a6c6b1001bb087d
length-setter-filled,9,candidate,10789667335,2400883777,0.430000,0.080000,39d659d9f825731d0d5052aa8e6a30437c8c070f8b2a28805f81631244c87439,5b954f7930e4b15c12c70629c804c9b5aed13d41ed063781c7ddabcda506d6bd,74536215b51c9f6c6f53a0f047fd34dd03ef7443075a09d10a6c6b1001bb087d
length-setter-filled,10,baseline,10782431144,2400936110,0.430000,0.080000,39d659d9f825731d0d5052aa8e6a30437c8c070f8b2a28805f81631244c87439,5b954f7930e4b15c12c70629c804c9b5aed13d41ed063781c7ddabcda506d6bd,74536215b51c9f6c6f53a0f047fd34dd03ef7443075a09d10a6c6b1001bb087d
length-setter-filled,11,candidate,10790855104,2399585131,0.420000,0.080000,39d659d9f825731d0d5052aa8e6a30437c8c070f8b2a28805f81631244c87439,5b954f7930e4b15c12c70629c804c9b5aed13d41ed063781c7ddabcda506d6bd,74536215b51c9f6c6f53a0f047fd34dd03ef7443075a09d10a6c6b1001bb087d
map,1,candidate,10837737900,2423196844,0.420000,0.080000,39d659d9f825731d0d5052aa8e6a30437c8c070f8b2a28805f81631244c87439,5b954f7930e4b15c12c70629c804c9b5aed13d41ed063781c7ddabcda506d6bd,c58aaf28b8464a727115fdd629fa5ec13ebd6c930ed7d8bbe31b1b55ad5857be
map,2,baseline,10829494090,2423452923,0.420000,0.080000,39d659d9f825731d0d5052aa8e6a30437c8c070f8b2a28805f81631244c87439,5b954f7930e4b15c12c70629c804c9b5aed13d41ed063781c7ddabcda506d6bd,c58aaf28b8464a727115fdd629fa5ec13ebd6c930ed7d8bbe31b1b55ad5857be
map,3,candidate,10838838030,2423210676,0.420000,0.080000,39d659d9f825731d0d5052aa8e6a30437c8c070f8b2a28805f81631244c87439,5b954f7930e4b15c12c70629c804c9b5aed13d41ed063781c7ddabcda506d6bd,c58aaf28b8464a727115fdd629fa5ec13ebd6c930ed7d8bbe31b1b55ad5857be
map,4,baseline,10833498828,2423779800,0.420000,0.080000,39d659d9f825731d0d5052aa8e6a30437c8c070f8b2a28805f81631244c87439,5b954f7930e4b15c12c70629c804c9b5aed13d41ed063781c7ddabcda506d6bd,c58aaf28b8464a727115fdd629fa5ec13ebd6c930ed7d8bbe31b1b55ad5857be
map,5,candidate,10838129495,2424487626,0.420000,0.080000,39d659d9f825731d0d5052aa8e6a30437c8c070f8b2a28805f81631244c87439,5b954f7930e4b15c12c70629c804c9b5aed13d41ed063781c7ddabcda506d6bd,c58aaf28b8464a727115fdd629fa5ec13ebd6c930ed7d8bbe31b1b55ad5857be
map,6,baseline,10837987461,2423290362,0.450000,0.080000,39d659d9f825731d0d5052aa8e6a30437c8c070f8b2a28805f81631244c87439,5b954f7930e4b15c12c70629c804c9b5aed13d41ed063781c7ddabcda506d6bd,c58aaf28b8464a727115fdd629fa5ec13ebd6c930ed7d8bbe31b1b55ad5857be
map,7,candidate,10837965023,2423085541,0.420000,0.080000,39d659d9f825731d0d5052aa8e6a30437c8c070f8b2a28805f81631244c87439,5b954f7930e4b15c12c70629c804c9b5aed13d41ed063781c7ddabcda506d6bd,c58aaf28b8464a727115fdd629fa5ec13ebd6c930ed7d8bbe31b1b55ad5857be
map,8,baseline,10836637769,2423185564,0.420000,0.080000,39d659d9f825731d0d5052aa8e6a30437c8c070f8b2a28805f81631244c87439,5b954f7930e4b15c12c70629c804c9b5aed13d41ed063781c7ddabcda506d6bd,c58aaf28b8464a727115fdd629fa5ec13ebd6c930ed7d8bbe31b1b55ad5857be
map,9,candidate,10838245230,2423216461,0.420000,0.080000,39d659d9f825731d0d5052aa8e6a30437c8c070f8b2a28805f81631244c87439,5b954f7930e4b15c12c70629c804c9b5aed13d41ed063781c7ddabcda506d6bd,c58aaf28b8464a727115fdd629fa5ec13ebd6c930ed7d8bbe31b1b55ad5857be
map,10,baseline,10838273433,2424572244,0.420000,0.080000,39d659d9f825731d0d5052aa8e6a30437c8c070f8b2a28805f81631244c87439,5b954f7930e4b15c12c70629c804c9b5aed13d41ed063781c7ddabcda506d6bd,c58aaf28b8464a727115fdd629fa5ec13ebd6c930ed7d8bbe31b1b55ad5857be
map,11,candidate,10834052619,2424474253,0.420000,0.080000,39d659d9f825731d0d5052aa8e6a30437c8c070f8b2a28805f81631244c87439,5b954f7930e4b15c12c70629c804c9b5aed13d41ed063781c7ddabcda506d6bd,c58aaf28b8464a727115fdd629fa5ec13ebd6c930ed7d8bbe31b1b55ad5857be
