pair,order,baseline_instructions,candidate_instructions,baseline_max_rss_bytes,candidate_max_rss_bytes,baseline_elapsed_seconds,candidate_elapsed_seconds,baseline_user_seconds,candidate_user_seconds,baseline_system_seconds,candidate_system_seconds
1,candidate>baseline,307286576338,256961322012,23986176,24543232,12.74,10.62,12.7,10.56,0.03,0.03
2,baseline>candidate,307149105392,257029813595,25804800,22691840,12.76,10.64,12.72,10.6,0.03,0.02
3,candidate>baseline,307103862978,256972782842,22642688,22740992,12.62,10.6,12.58,10.56,0.02,0.02
4,baseline>candidate,307223502201,256955324223,22691840,22593536,12.71,10.56,12.67,10.53,0.03,0.02
5,candidate>baseline,307110952231,256960863201,23887872,22511616,12.65,10.51,12.62,10.49,0.02,0.02
6,baseline>candidate,307106515376,257068173533,22626304,22609920,12.67,10.56,12.63,10.53,0.02,0.02
7,candidate>baseline,307209169118,256990656166,22577152,22577152,12.66,10.5,12.63,10.47,0.02,0.02
8,baseline>candidate,307324226585,256947170581,22364160,22577152,12.67,10.5,12.63,10.48,0.02,0.02
9,candidate>baseline,306690300796,256963965616,24690688,22691840,12.76,10.54,12.68,10.51,0.02,0.02
10,baseline>candidate,307302519091,257021123825,22740992,22528000,12.69,10.48,12.65,10.45,0.02,0.02
11,candidate>baseline,307105337836,256948189984,22642688,22593536,12.73,10.56,12.69,10.53,0.02,0.02
