binary,operation,round,operation_position,pair_order,real_seconds,max_rss_bytes,instructions_retired
baseline,local_store,1,1,baseline,0.30,19628032,10345686840
candidate,local_store,1,1,baseline,0.29,20021248,10355460062
candidate,local_add,1,2,candidate,0.48,19939328,16279881252
baseline,local_add,1,2,candidate,0.51,19677184,17153163280
candidate,local_add,2,1,candidate,0.47,20004864,16279864430
baseline,local_add,2,1,candidate,0.50,19709952,17153039674
baseline,local_store,2,2,baseline,0.30,19709952,10345276663
candidate,local_store,2,2,baseline,0.28,20021248,10355422820
baseline,local_store,3,1,baseline,0.30,19693568,10344997973
candidate,local_store,3,1,baseline,0.29,19808256,10354712241
candidate,local_add,3,2,candidate,0.48,20054016,16279684861
baseline,local_add,3,2,candidate,0.52,19759104,17152773900
candidate,local_add,4,1,candidate,0.47,19939328,16279573140
baseline,local_add,4,1,candidate,0.52,19759104,17152871895
baseline,local_store,4,2,baseline,0.30,19742720,10344829153
candidate,local_store,4,2,baseline,0.29,19955712,10355261061
baseline,local_store,5,1,baseline,0.30,19742720,10345313365
candidate,local_store,5,1,baseline,0.28,19939328,10355212107
candidate,local_add,5,2,candidate,0.48,19824640,16279800646
baseline,local_add,5,2,candidate,0.52,19562496,17153795923
candidate,local_add,6,1,candidate,0.48,20037632,16280173286
baseline,local_add,6,1,candidate,0.50,19546112,17153302577
baseline,local_store,6,2,baseline,0.30,19693568,10344987594
candidate,local_store,6,2,baseline,0.28,19742720,10355006914
baseline,local_store,7,1,baseline,0.29,19595264,10345246382
candidate,local_store,7,1,baseline,0.29,20021248,10354971281
candidate,local_add,7,2,candidate,0.48,19841024,16280095635
baseline,local_add,7,2,candidate,0.50,19628032,17153056760
candidate,local_add,8,1,candidate,0.48,19824640,16280158124
baseline,local_add,8,1,candidate,0.50,19562496,17153200616
baseline,local_store,8,2,baseline,0.28,19628032,10345322140
candidate,local_store,8,2,baseline,0.29,19742720,10354976046
baseline,local_store,9,1,baseline,0.29,19709952,10344920349
candidate,local_store,9,1,baseline,0.28,19824640,10354949535
candidate,local_add,9,2,candidate,0.48,19922944,16279923979
baseline,local_add,9,2,candidate,0.50,19677184,17153332409
candidate,local_add,10,1,candidate,0.48,20037632,16279825593
baseline,local_add,10,1,candidate,0.51,19562496,17152945261
baseline,local_store,10,2,baseline,0.30,19660800,10345122801
candidate,local_store,10,2,baseline,0.29,19775488,10355428030
baseline,local_store,11,1,baseline,0.30,19595264,10345152686
candidate,local_store,11,1,baseline,0.29,19791872,10355214039
candidate,local_add,11,2,candidate,0.48,19955712,16279932917
baseline,local_add,11,2,candidate,0.51,19660800,17153302319
